Guid,Name,Type,ParentId,BillingStreet,BillingCity,BillingState,BillingPostalCode,BillingCountry,BillingLatitude,BillingLongitude,BillingGeocodeAccuracy,ShippingStreet,ShippingCity,ShippingState,ShippingPostalCode,ShippingCountry,ShippingLatitude,ShippingLongitude,ShippingGeocodeAccuracy,Phone,Fax,Website,Industry,AnnualRevenue,NumberOfEmployees,Description,Jigsaw,AccountSource,SicDesc,SBQQ__AssetQuantitiesCombined__c,SBQQ__CoTermedContractsCombined__c,SBQQ__ContractCoTermination__c,SBQQ__IgnoreParentContractedPrices__c,SBQQ__PreserveBundle__c,SBQQ__PriceHoldEnd__c,SBQQ__RenewalModel__c,SBQQ__RenewalPricingMethod__c,SBQQ__TaxExempt__c,SBQQ__CoTerminationEvent__c,SF_Training__c
8628af2c-bd93-4ee0-bf37-b1ca9f606ac2,Zoomcast,Prospect,#N/A,1 Express Way,Saint Louis,MO,63121-1824,United States,#N/A,#N/A,#N/A,#N/A,#N/A,#N/A,#N/A,#N/A,#N/A,#N/A,#N/A,1.314.996.0900,#N/A,#N/A,Retail,1.01752E11,#N/A,Rhapsodic AG is the leader in Retail in Saint Louis,#N/A,#N/A,#N/A,false,false,#N/A,false,false,#N/A,#N/A,#N/A,#N/A,#N/A,#N/A
0b971855-b117-48b9-9216-13933f157593,Cedar Point,Customer,#N/A,#N/A,#N/A,OH,#N/A,#N/A,#N/A,#N/A,#N/A,#N/A,#N/A,#N/A,#N/A,#N/A,#N/A,#N/A,#N/A,#N/A,#N/A,#N/A,Entertainment,#N/A,2600,#N/A,#N/A,#N/A,#N/A,false,false,#N/A,false,false,#N/A,#N/A,#N/A,#N/A,#N/A,#N/A
33244dc5-224e-4b59-a6eb-5eb0e1670d3b,Shuffletag,Customer,#N/A,1 Post St FL 18,San Francisco,CA,94104-5284,United States,#N/A,#N/A,#N/A,3003 E 3rd Ave #201,#N/A,#N/A,#N/A,#N/A,#N/A,#N/A,#N/A,1.415.983.8300,#N/A,#N/A,Non Profit,1.90884E11,#N/A,Save the Wild is the leader in Non Profit in San Francisco,#N/A,#N/A,#N/A,false,false,#N/A,false,false,#N/A,#N/A,#N/A,#N/A,#N/A,#N/A
f1c1aa20-94c5-4fbe-a8b9-221e42ca1994,Blogspan,Prospect,#N/A,574 Duke Circle,Sioux City,OH,51105,United States,#N/A,#N/A,#N/A,#N/A,#N/A,#N/A,#N/A,#N/A,#N/A,#N/A,#N/A,#N/A,#N/A,#N/A,Financial Services,3308479.0,#N/A,#N/A,#N/A,#N/A,#N/A,false,false,#N/A,false,false,#N/A,#N/A,#N/A,#N/A,#N/A,#N/A
e9972611-c634-4f13-8651-148077cb30b1,Jabbertype,Prospect,#N/A,71 Miller Hill,Indianapolis,IN,46202,United States,#N/A,#N/A,#N/A,#N/A,#N/A,#N/A,#N/A,#N/A,#N/A,#N/A,#N/A,#N/A,#N/A,#N/A,Utilities,1222212.0,#N/A,#N/A,#N/A,#N/A,#N/A,false,false,#N/A,false,false,#N/A,#N/A,#N/A,#N/A,#N/A,#N/A
31eade5e-7bea-4f8e-8f37-a40483a150af,Topicshots,Prospect,#N/A,1 SW Bowerman Dr,Beaverton,OR,97005-0979,United States,#N/A,#N/A,#N/A,#N/A,#N/A,#N/A,#N/A,#N/A,#N/A,#N/A,#N/A,1.503.671.6453,#N/A,#N/A,Technology,3.0601E10,#N/A,Gadgetron is the leader in Technology in Beaverton,#N/A,#N/A,#N/A,false,false,#N/A,false,false,#N/A,#N/A,#N/A,#N/A,#N/A,#N/A
fc4aab1e-cf42-49f8-b3a4-35f4fdd9fe4f,Oyonder,Prospect,#N/A,08697 Ryan Junction,Cincinnati,OH,45271,United States,#N/A,#N/A,#N/A,#N/A,#N/A,#N/A,#N/A,#N/A,#N/A,#N/A,#N/A,#N/A,#N/A,#N/A,Construction,2.0845725E7,#N/A,#N/A,#N/A,#N/A,#N/A,false,false,#N/A,false,false,#N/A,#N/A,#N/A,#N/A,#N/A,#N/A
94109c96-c38a-4c09-aac4-d3fb8778b335,Photolist,Customer,#N/A,18 Hillside Rd,Avoca Beach,NSW,2251,Australia,#N/A,#N/A,#N/A,18 Hillside Rd,Avoca Beach,NSW,2251,Australia,#N/A,#N/A,#N/A,(02) 7233 8627,#N/A,#N/A,Healthcare,4.12752795E8,#N/A,CL North is the leader in Healthcare in Avoca Beach,#N/A,#N/A,#N/A,false,false,#N/A,false,false,#N/A,#N/A,#N/A,#N/A,#N/A,#N/A
62daecfe-8728-4927-8172-ff7de796551c,Yamia,Prospect,#N/A,700 Anderson Hill Rd,Purchase,NY,10577-1444,United States,#N/A,#N/A,#N/A,#N/A,#N/A,#N/A,#N/A,#N/A,#N/A,#N/A,#N/A,1.914.253.2000,#N/A,#N/A,Hospitality,6.3056E10,#N/A,General Services Corporation is the leader in Hospitality in Purchase,#N/A,#N/A,#N/A,false,false,#N/A,false,false,#N/A,#N/A,#N/A,#N/A,#N/A,#N/A
f56ebb78-427e-422f-8087-0e73656bba06,Babblestorm,Prospect,#N/A,1011 Centre Road,Berlin,Berlin,#N/A,Germany,#N/A,#N/A,#N/A,#N/A,#N/A,#N/A,#N/A,#N/A,#N/A,#N/A,#N/A,#N/A,#N/A,#N/A,Biotechnology,2.89485471E8,#N/A,Strickland Propane is the leader in Biotechnology in Berlin,#N/A,#N/A,#N/A,false,false,#N/A,false,false,#N/A,#N/A,#N/A,#N/A,#N/A,#N/A
002f381d-2f37-4b63-be04-991341a132fc,salesforce.com,Prospect,#N/A,"The Landmark @ One Market, Suite 300",San Francisco,CA,94105,USA,#N/A,#N/A,#N/A,"The Landmark @ One Market, Suite 300",San Francisco,CA,94105,USA,#N/A,#N/A,#N/A,(415) 901-7000,(415) 901-7040,http://www.salesforce.com,Corporate Office,#N/A,#N/A,"Founded in March 1999, salesforce.com (http://www.salesforce.com) builds and delivers customer relationship management (CRM) applications as scalable online services. The salesforce.com product suite - Team Edition, Professional Edition, Enterprise Edition, Wireless Edition and Offline Edition - gives companies of all sizes a complete 360-degree view of the customer. The company's award-winning CRM solutions provide integrated online sales force automation, customer service and support management, and marketing automation applications to help companies meet the complex challenges of global customer communication. Salesforce.com has received considerable recognition in the industry, including Editors' Choice and two Five-Star ratings from PC Magazine, two Deploy Awards from InfoWorld, Red Herring 100, Upside Hot 100, Investor's Choice Award from Enterprise Outlook, Editors' Choice from TMCLabs, Top 10 CRM Implementation from Aberdeen Group, and InfoWorld's 2001 CRM Technology of the Year. Founded in 1999, salesforce.com is headquartered in San Francisco, with offices in Europe and Asia.",#N/A,#N/A,#N/A,false,false,#N/A,false,false,#N/A,#N/A,#N/A,#N/A,#N/A,#N/A
37a48864-056a-4181-84b9-1c220a4f6912,Tavu,Prospect,#N/A,7 Dartmoor Dr,Cranbourne East,VIC,3977,Australia,#N/A,#N/A,#N/A,7 Dartmoor Dr,Cranbourne East,VIC,3977,Australia,#N/A,#N/A,#N/A,(03) 6820 8401,#N/A,#N/A,Engineering,7.20606185E8,#N/A,Milliways is the leader in Engineering in Cranbourne East,#N/A,#N/A,#N/A,false,false,#N/A,false,false,#N/A,#N/A,#N/A,#N/A,#N/A,#N/A
6c4a94ed-25c3-476c-9c1c-88dee517ef27,Vimbo,Prospect,#N/A,1234 Hilltop Road,Broomfield,Colorado,80020,USA,#N/A,#N/A,#N/A,#N/A,#N/A,#N/A,#N/A,#N/A,#N/A,#N/A,#N/A,#N/A,#N/A,#N/A,Healthcare,#N/A,#N/A,Rachel Adams is the leader in Healthcare in Broomfield,#N/A,#N/A,#N/A,false,false,#N/A,false,false,#N/A,#N/A,#N/A,#N/A,#N/A,#N/A
c8c10a9e-969d-4372-9ce5-09be80538243,Wikibox,Prospect,#N/A,920 Sylvan Ave,Mead,CO,80547,USA,#N/A,#N/A,#N/A,#N/A,#N/A,#N/A,#N/A,#N/A,#N/A,#N/A,#N/A,#N/A,#N/A,#N/A,Communications,5.45047272E8,#N/A,Three Waters is the leader in Communications,#N/A,#N/A,#N/A,false,false,#N/A,false,false,#N/A,#N/A,#N/A,#N/A,#N/A,#N/A
98fdcff4-bc6e-4035-9427-313addf04b08,Wordtune,Prospect,#N/A,1 Infinite Loop,Cupertino,CA,95014-2083,United States,#N/A,#N/A,#N/A,#N/A,#N/A,#N/A,#N/A,#N/A,#N/A,#N/A,#N/A,1.408.996.1010,#N/A,#N/A,Transportation,2.33715E11,#N/A,Sweetwine Car Service is the leader in Transportation in Cupertino,#N/A,#N/A,#N/A,false,false,#N/A,false,false,#N/A,#N/A,#N/A,#N/A,#N/A,#N/A
9fd95f56-37bd-4036-bc0e-e8d5f06cac41,Zazio,Prospect,#N/A,4333 Amon Carter Blvd,Fort Worth,TX,76155-2664,United States,#N/A,#N/A,#N/A,P.O. BOX 619616,Dallas,TX,75261-9616,US,#N/A,#N/A,#N/A,1.817.963.1234,#N/A,#N/A,Media,4.099E10,#N/A,Primary Printing is the leader in Media in Fort Worth,#N/A,#N/A,#N/A,false,false,#N/A,false,false,#N/A,#N/A,#N/A,#N/A,#N/A,#N/A
6aadbb54-a0c9-4223-8fe0-b7ae8297d947,Ooba,Customer,#N/A,50 Kerra Way,Docklands,VIC,3008,Australia,#N/A,#N/A,#N/A,50 Kerra Way,Docklands,VIC,3008,Australia,#N/A,#N/A,#N/A,(03) 6257 7887,#N/A,#N/A,Media,4.33338781E8,#N/A,Gizmonic Institute is the leader in Media in Docklands,#N/A,#N/A,#N/A,false,false,#N/A,false,false,#N/A,#N/A,#N/A,#N/A,#N/A,#N/A
4daa6ee9-e671-4e3a-8a63-182797bea466,Aibox,Customer,#N/A,23 Lundy Av,Kingsgrove,NSW,1480,Australia,#N/A,#N/A,#N/A,23 Lundy Av,Kingsgrove,NSW,1480,Australia,#N/A,#N/A,#N/A,(02) 6082 8265,#N/A,#N/A,Technology,2.21928169E8,#N/A,Spacely Sprockets is the leader in Technology in Kingsgrove,#N/A,#N/A,#N/A,false,false,#N/A,false,false,#N/A,#N/A,#N/A,#N/A,#N/A,#N/A
175d987e-c994-4755-ade1-843834b6ed5d,Talane,Customer,#N/A,75 Avenue de la Grande Armée,Paris,#N/A,#N/A,France,#N/A,#N/A,#N/A,#N/A,#N/A,#N/A,#N/A,#N/A,#N/A,#N/A,#N/A,#N/A,#N/A,#N/A,Shipping,7.40417719E8,#N/A,Universal Export is the leader in Shipping,#N/A,#N/A,#N/A,false,false,#N/A,false,false,#N/A,#N/A,#N/A,#N/A,#N/A,#N/A
4177a886-a835-4c97-b4e0-1b1c42967760,DabZ,Prospect,#N/A,200 Park Ave FL 1200,New York,NY,10166-0188,United States,#N/A,#N/A,#N/A,#N/A,#N/A,#N/A,#N/A,#N/A,#N/A,#N/A,#N/A,1.212.578.2211,#N/A,#N/A,Communications,6.9951E10,#N/A,Synaptic Networking Solutions is the leader in Communications in New York,#N/A,#N/A,#N/A,false,false,#N/A,false,false,#N/A,#N/A,#N/A,#N/A,#N/A,#N/A
11d346f5-d91c-438b-a9d8-dd1efc12a83d,Bubblemix,Prospect,#N/A,40 Toirram Cr,Cranbourne,VIC,3977,Australia,#N/A,#N/A,#N/A,40 Toirram Cr,Cranbourne,VIC,3977,Australia,#N/A,#N/A,#N/A,(03) 7305 6379,#N/A,#N/A,Education,3.85068818E8,#N/A,Monarch Playing Card Co. is the leader in Education in Cranbourne,#N/A,#N/A,#N/A,false,false,#N/A,false,false,#N/A,#N/A,#N/A,#N/A,#N/A,#N/A
d3fc4341-4532-4c56-b798-8c7f1eef00d0,Thoughtblab,Prospect,#N/A,5898 Superior Street,Danbury,CT,6816,United States,#N/A,#N/A,#N/A,#N/A,#N/A,#N/A,#N/A,#N/A,#N/A,#N/A,#N/A,#N/A,#N/A,#N/A,Insurance,6574015.0,#N/A,#N/A,#N/A,#N/A,#N/A,false,false,#N/A,false,false,#N/A,#N/A,#N/A,#N/A,#N/A,#N/A
d6734588-54f8-4395-821d-3f6669d8332f,Mycat,Customer,#N/A,200 Elizabeth Street,Melbourne,VIC,3000,Australia,#N/A,#N/A,#N/A,200 Elizabeth Street,Melbourne,VIC,3000,Australia,#N/A,#N/A,#N/A,(03) 7578 7328,#N/A,#N/A,Banking,1.58331476E8,#N/A,Galaxy Corp is the leader in Banking in Melbourne,#N/A,#N/A,#N/A,false,false,#N/A,false,false,#N/A,#N/A,#N/A,#N/A,#N/A,#N/A
2c96f296-a206-4f69-9931-d8602d916090,Landmark Cinemas,Prospect,#N/A,#N/A,#N/A,#N/A,#N/A,#N/A,#N/A,#N/A,#N/A,#N/A,#N/A,#N/A,#N/A,#N/A,#N/A,#N/A,#N/A,#N/A,#N/A,#N/A,Entertainment,#N/A,850,#N/A,#N/A,#N/A,#N/A,false,false,#N/A,false,false,#N/A,#N/A,#N/A,#N/A,#N/A,#N/A
d6cd5a4f-4f8b-4279-ab65-5c0c59100b6a,Gigaclub,Customer,#N/A,57 Clifton Dr,Bacchus Marsh,VIC,3340,Australia,#N/A,#N/A,#N/A,57 Clifton Dr,Bacchus Marsh,VIC,3340,Australia,#N/A,#N/A,#N/A,(03) 6472 8807,#N/A,#N/A,Healthcare,4.93945873E8,#N/A,PK South is the leader in Healthcare in Bacchus Marsh,#N/A,#N/A,#N/A,false,false,#N/A,false,false,#N/A,#N/A,#N/A,#N/A,#N/A,#N/A
a42e6e79-d796-4a1f-9556-e7615bc31e56,Kwideo,Customer,#N/A,390 Harris Street,Sydney,NSW,2007,Australia,#N/A,#N/A,#N/A,390 Harris Street,Sydney,NSW,2007,Australia,#N/A,#N/A,#N/A,(02) 7948 6474,#N/A,#N/A,Energy,6.39903177E8,#N/A,Petrox Oil Company is the leader in Energy in Sydney,#N/A,#N/A,#N/A,false,false,#N/A,false,false,#N/A,#N/A,#N/A,#N/A,#N/A,#N/A
04081f77-3fd2-492c-b97d-70ec1649a5bb,Dazzlesphere,Prospect,#N/A,1585 Broadway,New York,NY,10036-8200,United States,#N/A,#N/A,#N/A,200 George Street,#N/A,#N/A,#N/A,#N/A,#N/A,#N/A,#N/A,1.212.761.4000,#N/A,#N/A,Automotive,3.7897E10,#N/A,"Clearcoat, LLC is the leader in Automotive in New York",#N/A,#N/A,#N/A,false,false,#N/A,false,false,#N/A,#N/A,#N/A,#N/A,#N/A,#N/A
4c7cf0a9-fbf3-4c18-897b-ba58ed89fa77,Pixope,Prospect,#N/A,50137 Brickson Park Alley,Savannah,GA,31410,United States,#N/A,#N/A,#N/A,#N/A,#N/A,#N/A,#N/A,#N/A,#N/A,#N/A,#N/A,#N/A,#N/A,#N/A,Consulting,2.9111322E7,#N/A,#N/A,#N/A,#N/A,#N/A,false,false,#N/A,false,false,#N/A,#N/A,#N/A,#N/A,#N/A,#N/A
7dab72e3-a96e-47b0-a303-6e2536e8930a,Roomm,Prospect,#N/A,151 Farmington Ave,Hartford,CT,06156-0001,United States,#N/A,#N/A,#N/A,#N/A,#N/A,#N/A,#N/A,#N/A,#N/A,#N/A,#N/A,1.860.273.0123,#N/A,#N/A,Energy,6.03365E10,#N/A,Initrode is the leader in Energy in Hartford,#N/A,#N/A,#N/A,false,false,#N/A,false,false,#N/A,#N/A,#N/A,#N/A,#N/A,#N/A
256da401-4ea1-4b19-9a84-0c9903538d5d,Avaveo,Customer,#N/A,7601 Penn Ave S,Richfield,MN,55423-3683,United States,#N/A,#N/A,#N/A,#N/A,#N/A,#N/A,#N/A,#N/A,#N/A,#N/A,#N/A,1.612.291.1000,#N/A,#N/A,Services,3.9528E10,#N/A,"Kustodial Services, LLC is the leader in Services in Richfield",#N/A,#N/A,#N/A,false,false,#N/A,false,false,#N/A,#N/A,#N/A,#N/A,#N/A,#N/A
af50583b-0637-4b81-8424-b0537cd29c57,Chatterpoint,Customer,#N/A,980 Great West Road,Middlesex,London,#N/A,United Kingdom,#N/A,#N/A,#N/A,#N/A,#N/A,#N/A,#N/A,#N/A,#N/A,#N/A,#N/A,#N/A,#N/A,#N/A,Healthcare,8.9244318E7,#N/A,TF South is the leader in Healthcare in Middlesex,#N/A,#N/A,#N/A,false,false,#N/A,false,false,#N/A,#N/A,#N/A,#N/A,#N/A,#N/A
8313a611-528f-4b17-91ee-a39a66338c7d,Yozio,Customer,#N/A,Friedrich-Ebert-Allee 140,Berlin,Berlin,#N/A,Germany,#N/A,#N/A,#N/A,#N/A,#N/A,#N/A,#N/A,#N/A,#N/A,#N/A,#N/A,#N/A,#N/A,#N/A,Healthcare,6.30331409E8,#N/A,Tara Shea Micko Hospital is the leader in Healthcare in Berlin,#N/A,#N/A,#N/A,false,false,#N/A,false,false,#N/A,#N/A,#N/A,#N/A,#N/A,#N/A
62eb4532-8ff6-4a00-9d2f-5d1f8e132d4d,Noba,Customer,#N/A,6001 Bollinger Canyon Rd,San Ramon,CA,94583-2324,United States,#N/A,#N/A,#N/A,#N/A,#N/A,#N/A,#N/A,#N/A,#N/A,#N/A,#N/A,1.925.842.1000,#N/A,#N/A,Technology,1.38477E11,#N/A,Audioshore is the leader in Technology in San Ramon,#N/A,#N/A,#N/A,false,false,#N/A,false,false,#N/A,#N/A,#N/A,#N/A,#N/A,#N/A
d22b9522-e924-415f-bb5b-41a7088617ba,Livefish,Customer,#N/A,Shell Centre,London,#N/A,SE1 7NA,United Kingdom,#N/A,#N/A,#N/A,#N/A,#N/A,#N/A,#N/A,#N/A,#N/A,#N/A,#N/A,#N/A,#N/A,#N/A,Electronics,1.58331476E8,#N/A,Videlectrix is the leader in Electronics,#N/A,#N/A,#N/A,false,false,#N/A,false,false,#N/A,#N/A,#N/A,#N/A,#N/A,#N/A
9936e5e6-14a3-4dbf-87b4-a054504fbf61,Voolia,Customer,#N/A,"16, bd des Italiens",Paris,Paris,#N/A,France,#N/A,#N/A,#N/A,#N/A,#N/A,#N/A,#N/A,#N/A,#N/A,#N/A,#N/A,#N/A,#N/A,#N/A,Healthcare,7.76395463E8,#N/A,SS South is the leader in Healthcare in Paris,#N/A,#N/A,#N/A,false,false,#N/A,false,false,#N/A,#N/A,#N/A,#N/A,#N/A,#N/A
d5154e81-89a1-4a3b-a970-4a60245f5132,Browseblab,Customer,#N/A,399 Park Ave,New York,NY,10022-4699,United States,#N/A,#N/A,#N/A,100 North Riverside.,#N/A,#N/A,#N/A,#N/A,#N/A,#N/A,#N/A,1.212.559.1000,#N/A,#N/A,Manufacturing,8.8275E10,#N/A,Martic-Morales Corp. is the leader in Manufacturing in New York,#N/A,#N/A,#N/A,false,false,#N/A,false,false,#N/A,#N/A,#N/A,#N/A,#N/A,#N/A
fb580e84-4368-419c-9ecb-3f3330c5b7b2,Twimm,Prospect,#N/A,10/33-37 Gannons Rd,Caringbah,NSW,1495,Australia,#N/A,#N/A,#N/A,10/33-37 Gannons Rd,Caringbah,NSW,1495,Australia,#N/A,#N/A,#N/A,(02) 6905 6165,#N/A,#N/A,Healthcare,8.0231577E7,#N/A,Nick Ciapetta Hospital is the leader in Healthcare in Caringbah,#N/A,#N/A,#N/A,false,false,#N/A,false,false,#N/A,#N/A,#N/A,#N/A,#N/A,#N/A
9f48e195-10cf-46c5-a116-3598874d495b,Skalith,Customer,#N/A,40 Archibald St,Fairfield,QLD,4103,Australia,#N/A,#N/A,#N/A,40 Archibald St,Fairfield,QLD,4103,Australia,#N/A,#N/A,#N/A,(07) 8503 6141,#N/A,#N/A,Chemicals,7.40417719E8,#N/A,Mooby Corp is the leader in Chemicals in Fairfield,#N/A,#N/A,#N/A,false,false,#N/A,false,false,#N/A,#N/A,#N/A,#N/A,#N/A,#N/A
b3695549-ddb4-48e8-9bf9-b918ee1f1dff,Skyba,Customer,#N/A,3300 Publix Corp Pkwy,Lakeland,FL,33811-3311,United States,#N/A,#N/A,#N/A,P.O. BOX 407,Lakeland,FL,33802-0407,US,#N/A,#N/A,#N/A,1.863.688.1188,#N/A,#N/A,Retail,3.2618759E10,#N/A,"Mecurial, Inc. is the leader in Retail in Lakeland",#N/A,#N/A,#N/A,false,false,#N/A,false,false,#N/A,#N/A,#N/A,#N/A,#N/A,#N/A
4e45048b-93f7-4da8-8d56-79e6609f2b34,Blognation,Customer,#N/A,1 Johnson and Johnson Plz,New Brunswick,NJ,08933-0002,United States,#N/A,#N/A,#N/A,P.O. BOX 767,Neenah,WI,54957-0767,US,#N/A,#N/A,#N/A,1.732.524.0400,#N/A,#N/A,Financial Services,7.0074E10,#N/A,Budgetworks is the leader in Financial Services in New Brunswick,#N/A,#N/A,#N/A,false,false,#N/A,false,false,#N/A,#N/A,#N/A,#N/A,#N/A,#N/A
0ba3146b-df2e-499e-a5c7-428305fca5a0,Devcast,Customer,#N/A,45 Spring Street,Melbourne,VIC,3000,Australia,#N/A,#N/A,#N/A,45 Spring Street,Melbourne,VIC,3000,Australia,#N/A,#N/A,#N/A,(03) 8426 7995,#N/A,#N/A,Hospitality,7.70881668E8,#N/A,Globo Gym American Corp is the leader in Hospitality in Melbourne,#N/A,#N/A,#N/A,false,false,#N/A,false,false,#N/A,#N/A,#N/A,#N/A,#N/A,#N/A
629f686e-9380-4d08-900f-95f9fce8d18d,Yodel,Customer,#N/A,770 Cochituate Rd Ste 1,Framingham,MA,01701-4698,United States,#N/A,#N/A,#N/A,P.O. BOX 9133,Framingham,MA,01701-9133,US,#N/A,#N/A,#N/A,1.508.390.1000,#N/A,#N/A,Consumer Goods,3.0944938E10,#N/A,Prandial Foods is the leader in Consumer Goods in Framingham,#N/A,#N/A,#N/A,false,false,#N/A,false,false,#N/A,#N/A,#N/A,#N/A,#N/A,#N/A
181898d2-4913-4aca-a3e8-2bf2ed62fd15,Thoughtstorm,Customer,#N/A,3 Myra St,Wahroonga,NSW,2076,Australia,#N/A,#N/A,#N/A,3 Myra St,Wahroonga,NSW,2076,Australia,#N/A,#N/A,#N/A,(02) 7820 8765,#N/A,#N/A,Technology,3.45972597E8,#N/A,Nordyne Defense Dynamics is the leader in Technology in Wahroonga,#N/A,#N/A,#N/A,false,false,#N/A,false,false,#N/A,#N/A,#N/A,#N/A,#N/A,#N/A
1d517951-1275-4586-b550-b766c77902b3,Meejo,Customer,#N/A,16 Hinterland Cr,Algester,QLD,4115,Australia,#N/A,#N/A,#N/A,16 Hinterland Cr,Algester,QLD,4115,Australia,#N/A,#N/A,#N/A,(07) 6586 8516,#N/A,#N/A,Machinery,2.90807169E8,#N/A,McMahon and Tate is the leader in Machinery in Algester,#N/A,#N/A,#N/A,false,false,#N/A,false,false,#N/A,#N/A,#N/A,#N/A,#N/A,#N/A
380d9c79-d077-4b94-96b5-d6df17fc4c5a,Kayveo,Customer,#N/A,29 Noalimba Cr,Bateman,WA,6150,Australia,#N/A,#N/A,#N/A,29 Noalimba Cr,Bateman,WA,6150,Australia,#N/A,#N/A,#N/A,(08) 7367 7550,#N/A,#N/A,Energy,3.02983857E8,#N/A,North Central Positronics is the leader in Energy in Bateman,#N/A,#N/A,#N/A,false,false,#N/A,false,false,#N/A,#N/A,#N/A,#N/A,#N/A,#N/A
bdf830b1-f7d4-4b49-8b9d-5237f5acc9d6,Plambee,Customer,#N/A,75716,Paris,Paris,#N/A,France,#N/A,#N/A,#N/A,#N/A,#N/A,#N/A,#N/A,#N/A,#N/A,#N/A,#N/A,#N/A,#N/A,#N/A,Agriculture,7.9457611E7,#N/A,Sto Plains Holdings is the leader in Agriculture in Paris,#N/A,#N/A,#N/A,false,false,#N/A,false,false,#N/A,#N/A,#N/A,#N/A,#N/A,#N/A
d2083238-d351-4596-a0b2-1ae5e0e8e412,Fliptune,Customer,#N/A,8111 Westchester Dr # 600,Dallas,TX,75225-6142,United States,#N/A,#N/A,#N/A,#N/A,#N/A,#N/A,#N/A,#N/A,#N/A,#N/A,#N/A,1.214.981.0700,#N/A,#N/A,Media,3.4292E10,#N/A,Mammoth Pictures is the leader in Media in Dallas,#N/A,#N/A,#N/A,false,false,#N/A,false,false,#N/A,#N/A,#N/A,#N/A,#N/A,#N/A
c64ab0e9-d4c2-49b1-988f-24bd799f061e,Photofeed,Prospect,#N/A,702 SW 8th St,Bentonville,AR,72716-6299,United States,#N/A,#N/A,#N/A,#N/A,#N/A,#N/A,#N/A,#N/A,#N/A,#N/A,#N/A,1.479.273.4000,#N/A,#N/A,Financial Services,4.8213E11,#N/A,Upward Financial Services is the leader in Financial Services in Bentonville,#N/A,#N/A,#N/A,false,false,#N/A,false,false,#N/A,#N/A,#N/A,#N/A,#N/A,#N/A
9b45b43a-fdc7-47ef-9570-0a632e642c2a,Buzzbean,Prospect,#N/A,200 West St Bldg 200,New York,NY,10282-2198,United States,#N/A,#N/A,#N/A,#N/A,#N/A,#N/A,#N/A,#N/A,#N/A,#N/A,#N/A,1.212.902.1000,#N/A,#N/A,Energy,3.9208E10,#N/A,"Voltronics, Inc. is the leader in Energy in New York",#N/A,#N/A,#N/A,false,false,#N/A,false,false,#N/A,#N/A,#N/A,#N/A,#N/A,#N/A
e70f5604-e247-45c4-9db7-014c11a41d0a,Browsebug,Customer,#N/A,600 N Dairy Ashford Rd,Houston,TX,77079-1100,United States,#N/A,#N/A,#N/A,P.O. BOX 2197,Houston,TX,77252-2197,US,#N/A,#N/A,#N/A,1.281.293.1000,#N/A,#N/A,Technology,3.0935E10,#N/A,"Optimetrics, LLC is the leader in Technology in Houston",#N/A,#N/A,#N/A,false,false,#N/A,false,false,#N/A,#N/A,#N/A,#N/A,#N/A,#N/A
05d375ec-96c3-40f9-98b3-4744bd4132cf,Babbleopia,Customer,#N/A,5/5a The Avenue,Balaclava,VIC,3183,Australia,#N/A,#N/A,#N/A,5/5a The Avenue,Balaclava,VIC,3183,Australia,#N/A,#N/A,#N/A,(03) 8569 6279,#N/A,#N/A,Healthcare,4.15880303E8,#N/A,Praveen Kagalkar Hospital is the leader in Healthcare in Balaclava,#N/A,#N/A,#N/A,false,false,#N/A,false,false,#N/A,#N/A,#N/A,#N/A,#N/A,#N/A
cb161bba-7058-48dc-9d98-662858282bbf,Twitterwire,Customer,#N/A,BC V6T 1A7,Vancouver,BC,#N/A,Canada,#N/A,#N/A,#N/A,#N/A,#N/A,#N/A,#N/A,#N/A,#N/A,#N/A,#N/A,#N/A,#N/A,#N/A,Services,5.0E7,#N/A,Spade and Archer is the leader in Services in BC,#N/A,#N/A,#N/A,false,false,#N/A,false,false,#N/A,#N/A,#N/A,#N/A,#N/A,#N/A
c18f99eb-72c7-4af7-9926-151d12af36f2,Zoomlounge,Customer,#N/A,4 Riverside Rd,Lansvale,NSW,2166,Australia,#N/A,#N/A,#N/A,4 Riverside Rd,Lansvale,NSW,2166,Australia,#N/A,#N/A,#N/A,(02) 6837 7271,#N/A,#N/A,Agriculture,9.05588171E8,#N/A,Sixty Second Avenue is the leader in Agriculture in Lansvale,#N/A,#N/A,#N/A,false,false,#N/A,false,false,#N/A,#N/A,#N/A,#N/A,#N/A,#N/A
1303adb4-87fc-47ff-93de-6d489aa30988,Eidel,Customer,#N/A,45131 Brüsseler Platz,Bavaria,Essen,#N/A,Germany,#N/A,#N/A,#N/A,#N/A,#N/A,#N/A,#N/A,#N/A,#N/A,#N/A,#N/A,#N/A,#N/A,#N/A,Government,6.52105621E8,#N/A,Tessier-Ashpool is the leader in Government in Bavaria,#N/A,#N/A,#N/A,false,false,#N/A,false,false,#N/A,#N/A,#N/A,#N/A,#N/A,#N/A
437df295-8391-422c-b5fe-73dd46f186f5,Jaxspan,Prospect,#N/A,67 Como Pde,Como,NSW,2226,Australia,#N/A,#N/A,#N/A,67 Como Pde,Como,NSW,2226,Australia,#N/A,#N/A,#N/A,(02) 6849 6177,#N/A,#N/A,Consulting,6.8846673E7,#N/A,Megadodo Publications is the leader in Consulting in Como,#N/A,#N/A,#N/A,false,false,#N/A,false,false,#N/A,#N/A,#N/A,#N/A,#N/A,#N/A
14082410-8bcd-427d-a1bf-d84384b0e013,Kamba,Prospect,#N/A,2030 Dow Ctr,Midland,MI,48674-1500,United States,#N/A,#N/A,#N/A,#N/A,#N/A,#N/A,#N/A,#N/A,#N/A,#N/A,#N/A,1.989.636.1000,#N/A,#N/A,Technology,4.8778E10,#N/A,Computico Labs is the leader in Technology in Midland,#N/A,#N/A,#N/A,false,false,#N/A,false,false,#N/A,#N/A,#N/A,#N/A,#N/A,#N/A
2b821875-0530-42be-b1fb-266ad754cb51,Gabtune,Prospect,#N/A,1234 Hilltop Road,Broomfield,Colorado,80020,USA,#N/A,#N/A,#N/A,#N/A,#N/A,#N/A,#N/A,#N/A,#N/A,#N/A,#N/A,(720) 562-5896,#N/A,#N/A,Healthcare,#N/A,#N/A,Adams Household is the leader in Healthcare in Broomfield,#N/A,#N/A,#N/A,false,false,#N/A,false,false,#N/A,#N/A,#N/A,#N/A,#N/A,#N/A
3f41aa6d-eb89-4e92-95b7-020bbee89017,Skyvu,Prospect,#N/A,250 E Parkcenter Blvd,Boise,ID,83706-3999,United States,#N/A,#N/A,#N/A,#N/A,#N/A,#N/A,#N/A,#N/A,#N/A,#N/A,#N/A,1.208.395.6200,#N/A,#N/A,Communications,5.6771552999E10,#N/A,Spruik Communications is the leader in Communications in Boise,#N/A,#N/A,#N/A,false,false,#N/A,false,false,#N/A,#N/A,#N/A,#N/A,#N/A,#N/A
e7240d98-ecce-486e-9bdf-d0a0a4dab761,Quinu,Customer,#N/A,7 W 7th St,Cincinnati,OH,45202-2424,United States,#N/A,#N/A,#N/A,701 W Georgia St,#N/A,#N/A,#N/A,#N/A,#N/A,#N/A,#N/A,1.513.579.7000,#N/A,#N/A,Non Profit,2.7079E10,#N/A,Capitol Museum of Art is the leader in Non Profit in Cincinnati,#N/A,#N/A,#N/A,false,false,#N/A,false,false,#N/A,#N/A,#N/A,#N/A,#N/A,#N/A
c35c923f-d9ca-4b84-baf1-0cae0247ead5,Flipbug,Prospect,#N/A,"1006, Oaza Kadoma",Osaka,#N/A,#N/A,Japan,#N/A,#N/A,#N/A,#N/A,#N/A,#N/A,#N/A,#N/A,#N/A,#N/A,#N/A,#N/A,#N/A,#N/A,Healthcare,7.41215097E8,#N/A,TSM South is the leader in Healthcare,#N/A,#N/A,#N/A,false,false,#N/A,false,false,#N/A,#N/A,#N/A,#N/A,#N/A,#N/A
4233ce2f-cc3c-42d1-9548-9aba2ef045b8,Wikizz,Customer,#N/A,120 Park Ave FL 6,New York,NY,10017-5592,United States,#N/A,#N/A,#N/A,#N/A,#N/A,#N/A,#N/A,#N/A,#N/A,#N/A,#N/A,1.917.663.2000,#N/A,#N/A,Higher Education,7.3908E10,#N/A,Leza College of Engineering is the leader in Higher Education in New York,#N/A,#N/A,#N/A,false,false,#N/A,false,false,#N/A,#N/A,#N/A,#N/A,#N/A,#N/A
659f4efc-9e57-4441-be18-01fb04b8b280,Gabtype,Customer,#N/A,1 American Rd,Dearborn,MI,48126-2701,United States,#N/A,#N/A,#N/A,P.O. BOX 685,Dearborn,MI,48121-0685,US,#N/A,#N/A,#N/A,1.313.322.3000,#N/A,#N/A,Energy,1.49558E11,#N/A,"Tension, Inc. is the leader in Energy in Dearborn",#N/A,#N/A,#N/A,false,false,#N/A,false,false,#N/A,#N/A,#N/A,#N/A,#N/A,#N/A
466ba7d2-0642-496f-9327-e4ad8314b216,Mybuzz,Customer,#N/A,235 E 42nd St,New York,NY,10017-5703,United States,#N/A,#N/A,#N/A,#N/A,#N/A,#N/A,#N/A,#N/A,#N/A,#N/A,#N/A,1.212.733.2323,#N/A,#N/A,Manufacturing,4.8851E10,#N/A,Procurabl Holdings Inc. is the leader in Manufacturing in New York,#N/A,#N/A,#N/A,false,false,#N/A,false,false,#N/A,#N/A,#N/A,#N/A,#N/A,#N/A
ad15c101-d872-4de4-82f2-d38e4333b5a4,Tazzy,Prospect,#N/A,1000 Lowes Blvd,Mooresville,NC,28117-8520,United States,#N/A,#N/A,#N/A,P.O. BOX 1000,Mooresville,NC,28115-1000,US,#N/A,#N/A,#N/A,1.704.758.1000,#N/A,#N/A,Consumer Goods,5.9074E10,#N/A,Finley Companies is the leader in Consumer Goods in Mooresville,#N/A,#N/A,#N/A,false,false,#N/A,false,false,#N/A,#N/A,#N/A,#N/A,#N/A,#N/A
2c76af4a-bec1-44da-999a-3610507f3429,Podcat,Prospect,#N/A,356 Ocean View Rd,Ettalong Beach,NSW,2257,Australia,#N/A,#N/A,#N/A,356 Ocean View Rd,Ettalong Beach,NSW,2257,Australia,#N/A,#N/A,#N/A,(02) 7575 8703,#N/A,#N/A,Retail,6.52105621E8,#N/A,Mainway Toys is the leader in Retail in Ettalong Beach,#N/A,#N/A,#N/A,false,false,#N/A,false,false,#N/A,#N/A,#N/A,#N/A,#N/A,#N/A
ad957499-2386-4f9b-a5fd-e6bd425b73a3,Meeveo,Customer,#N/A,"Tesco House, Shire Park, Kestrel Way",Welwyn Garden City,#N/A,AL7 1GA,United Kingdom,#N/A,#N/A,#N/A,"Tesco House, Shire Park, Kestrel Way",#N/A,#N/A,#N/A,#N/A,#N/A,#N/A,#N/A,#N/A,#N/A,#N/A,Biotechnology,1.46231103E8,#N/A,Western Gas & Electric is the leader in Biotechnology,#N/A,#N/A,#N/A,false,false,#N/A,false,false,#N/A,#N/A,#N/A,#N/A,#N/A,#N/A
9f6814d7-8a04-4d8f-856d-3975f8f0cb00,Bluezoom,Prospect,#N/A,410 Terry Ave N,Seattle,WA,98109-5210,United States,#N/A,#N/A,#N/A,P.O. BOX 81226,Seattle,WA,98108-1300,US,#N/A,#N/A,#N/A,1.206.266.1000,#N/A,#N/A,Higher Education,1.07006E11,#N/A,Heimdall College of Optometry is the leader in Higher Education in Seattle,#N/A,#N/A,#N/A,false,false,#N/A,false,false,#N/A,#N/A,#N/A,#N/A,#N/A,#N/A
a65151f8-8260-4533-ad23-d7dae783abd2,Zoovu,Customer,#N/A,350 Collins Street,Melbourne,VIC,3000,Australia,#N/A,#N/A,#N/A,350 Collins Street,Melbourne,VIC,3000,Australia,#N/A,#N/A,#N/A,(03) 8967 7597,#N/A,#N/A,Construction,9.02787175E8,#N/A,Extensive Enterprise is the leader in Construction in Melbourne,#N/A,#N/A,#N/A,false,false,#N/A,false,false,#N/A,#N/A,#N/A,#N/A,#N/A,#N/A
4a44e24c-8d9d-4a2b-a02b-2217547261bd,Pixoboo,Customer,#N/A,19100 Ridgewood Pkwy,San Antonio,TX,78259-1834,United States,#N/A,#N/A,#N/A,P.O. BOX 8016,Cary,NC,27512-8016,US,#N/A,#N/A,#N/A,1.210.626.6000,#N/A,#N/A,Consumer Goods,2.8711E10,#N/A,General Products is the leader in Consumer Goods in San Antonio,#N/A,#N/A,#N/A,false,false,#N/A,false,false,#N/A,#N/A,#N/A,#N/A,#N/A,#N/A
6a13d0c4-731e-40a8-9679-4c59e1f8bfdd,Quimm,Customer,#N/A,900 Cottage Grove Rd,Bloomfield,CT,06002-2920,United States,#N/A,#N/A,#N/A,#N/A,#N/A,#N/A,#N/A,#N/A,#N/A,#N/A,#N/A,1.860.226.6000,#N/A,#N/A,Media,3.7876E10,#N/A,Trek Broadcasting is the leader in Media in Bloomfield,#N/A,#N/A,#N/A,false,false,#N/A,false,false,#N/A,#N/A,#N/A,#N/A,#N/A,#N/A
92a6efd5-7523-4651-a1da-31ad09d6bd88,Oozz,Customer,#N/A,170 W Tasman Dr,San Jose,CA,95134-1706,United States,#N/A,#N/A,#N/A,#N/A,#N/A,#N/A,#N/A,#N/A,#N/A,#N/A,#N/A,1.408.526.4000,#N/A,#N/A,Higher Education,4.9161E10,#N/A,Franklin Research College is the leader in Higher Education in San Jose,#N/A,#N/A,#N/A,false,false,#N/A,false,false,#N/A,#N/A,#N/A,#N/A,#N/A,#N/A
222383ca-245c-4e2d-8409-ccedefcc63ff,Skaboo,Customer,#N/A,70173,Baden-Württemberg,Stuttgart,#N/A,Germany,#N/A,#N/A,#N/A,#N/A,#N/A,#N/A,#N/A,#N/A,#N/A,#N/A,#N/A,#N/A,#N/A,#N/A,Healthcare,2.55815146E8,#N/A,St Francis West Side is the leader in Healthcare in Baden-Württemberg,#N/A,#N/A,#N/A,false,false,#N/A,false,false,#N/A,#N/A,#N/A,#N/A,#N/A,#N/A
d53e7f1f-d7df-48ca-9939-ca2903e63dc2,Myworks,Customer,#N/A,333 Clay St Ste 1600,Houston,TX,77002-4101,United States,#N/A,#N/A,#N/A,#N/A,#N/A,#N/A,#N/A,#N/A,#N/A,#N/A,#N/A,1.713.646.4100,#N/A,#N/A,Engineering,2.3152E10,#N/A,Wentworth Industries is the leader in Engineering in Houston,#N/A,#N/A,#N/A,false,false,#N/A,false,false,#N/A,#N/A,#N/A,#N/A,#N/A,#N/A
ad93599a-9ec6-40ed-b8cc-95e912b3b06c,Digitube,Prospect,#N/A,1295 State St,Springfield,MA,01111-0001,United States,#N/A,#N/A,#N/A,#N/A,#N/A,#N/A,#N/A,#N/A,#N/A,#N/A,#N/A,1.413.788.8411,#N/A,#N/A,Manufacturing,1.9687E10,#N/A,Sirius Cybernetics Corporation is the leader in Manufacturing in Springfield,#N/A,#N/A,#N/A,false,false,#N/A,false,false,#N/A,#N/A,#N/A,#N/A,#N/A,#N/A
a40c3716-3bbc-4b3a-8813-3abb46f237eb,Global Media,Prospect,#N/A,150 Chestnut Street,Toronto,Ontario,L4B 1Y3,Canada,#N/A,#N/A,#N/A,150 Chestnut Street,Toronto,Ontario,L4B 1Y3,Canada,#N/A,#N/A,#N/A,(905) 555-1212,#N/A,#N/A,Corporate Office,#N/A,14668,"GBM is the worldwide leader in technology news and information on the Web and the producer of the longest-running and farthest-reaching television shows about technology. GBM's network of sites combines breakthrough interactive technology with engaging content and design and is consistently ranked as the Internet's leading content network in terms of both audience size and revenue, serving millions of users each day. The company's television programming is broadcast by the USA Network and the Sci-Fi Channel to more than 70 million households and is syndicated to broadcast television stations in the nation's top 120 markets, including the top 10 markets.",#N/A,#N/A,#N/A,false,false,#N/A,false,false,#N/A,#N/A,#N/A,#N/A,#N/A,#N/A
99b94241-300a-4332-8571-761e04bb049a,Tazz,Customer,#N/A,1 John Deere Pl,Moline,IL,61265-8098,United States,#N/A,#N/A,#N/A,#N/A,#N/A,#N/A,#N/A,#N/A,#N/A,#N/A,#N/A,1.309.765.8000,#N/A,#N/A,Technology,2.88628E10,#N/A,Fastforward Software is the leader in Technology in Moline,#N/A,#N/A,#N/A,false,false,#N/A,false,false,#N/A,#N/A,#N/A,#N/A,#N/A,#N/A
bb30fe42-4973-4beb-96d3-3e0ab265fa51,Topiclounge,Customer,#N/A,54 McLaren Street,North Sydney,NSW,2060,Australia,#N/A,#N/A,#N/A,54 McLaren Street,North Sydney,NSW,2060,Australia,#N/A,#N/A,#N/A,(02) 8592 7342,#N/A,#N/A,Consulting,4.528576E8,#N/A,Demo Company is the leader in Consulting in North Sydney,#N/A,#N/A,#N/A,false,false,#N/A,false,false,#N/A,#N/A,#N/A,#N/A,#N/A,#N/A
d68e6e79-4477-4a16-9321-79fde84c4200,JumpXS,Prospect,#N/A,200 Vesey St,New York,NY,10285-0002,United States,#N/A,#N/A,#N/A,#N/A,#N/A,#N/A,#N/A,#N/A,#N/A,#N/A,#N/A,1.212.640.2000,#N/A,#N/A,Consumer Goods,3.4441E10,#N/A,Walken Group is the leader in Consumer Goods in New York,#N/A,#N/A,#N/A,false,false,#N/A,false,false,#N/A,#N/A,#N/A,#N/A,#N/A,#N/A
0447e566-cb88-4210-808d-819647a6e46f,Centimia,Customer,#N/A,10 Farm Springs Rd,Farmington,CT,06032-2577,United States,#N/A,#N/A,#N/A,#N/A,#N/A,#N/A,#N/A,#N/A,#N/A,#N/A,#N/A,1.860.728.7000,#N/A,#N/A,Transportation,5.6098E10,#N/A,Tungsten Security Services is the leader in Transportation in Farmington,#N/A,#N/A,#N/A,false,false,#N/A,false,false,#N/A,#N/A,#N/A,#N/A,#N/A,#N/A
be06da5e-254a-4f32-949b-4378ea3a774d,Dynazzy,Customer,#N/A,100 N Tryon St Ste 220,Charlotte,NC,28202-4031,United States,#N/A,#N/A,#N/A,#N/A,#N/A,#N/A,#N/A,#N/A,#N/A,#N/A,#N/A,1.704.386.5681,#N/A,#N/A,Manufacturing,9.3056E10,#N/A,Velso International is the leader in Manufacturing in Charlotte,#N/A,#N/A,#N/A,false,false,#N/A,false,false,#N/A,#N/A,#N/A,#N/A,#N/A,#N/A
057904e0-03c9-4a46-9d35-6541ea266616,Uidoo,Customer,#N/A,115 Tabor Rd,Morris Plains,NJ,07950-2546,United States,#N/A,#N/A,#N/A,#N/A,#N/A,#N/A,#N/A,#N/A,#N/A,#N/A,#N/A,1.973.455.2000,#N/A,#N/A,Energy,3.8581E10,#N/A,Jupiter Consulting is the leader in Energy in Morris Plains,#N/A,#N/A,#N/A,false,false,#N/A,false,false,#N/A,#N/A,#N/A,#N/A,#N/A,#N/A
b235ed90-f192-4087-a777-490f1966d422,Trunyx,Prospect,#N/A,420 Montgomery St Frnt,San Francisco,CA,94104-1205,United States,#N/A,#N/A,#N/A,420 Montgomery St Frnt,#N/A,#N/A,#N/A,#N/A,#N/A,#N/A,#N/A,1.866.878.5865,#N/A,#N/A,Financial Services,9.0033E10,#N/A,Cryptocurrents is the leader in Financial Services in San Francisco,#N/A,#N/A,#N/A,false,false,#N/A,false,false,#N/A,#N/A,#N/A,#N/A,#N/A,#N/A
09da5258-f65d-47df-bb8e-413d79928f61,Divavu,Customer,#N/A,1300 Morris Dr Ste 100,Chesterbrook,PA,19087-5594,United States,#N/A,#N/A,#N/A,P.O. BOX 959,Valley Forge,PA,19482-0959,US,#N/A,#N/A,#N/A,1.610.727.7000,#N/A,#N/A,Manufacturing,1.35962E11,#N/A,Apogee Corp. is the leader in Manufacturing in Chesterbrook,#N/A,#N/A,#N/A,false,false,#N/A,false,false,#N/A,#N/A,#N/A,#N/A,#N/A,#N/A
36c1b22d-80cd-4feb-83de-d1de3d1134e6,Hogwurts Prods,Partner,#N/A,#N/A,Longmont,CO,#N/A,#N/A,#N/A,#N/A,#N/A,#N/A,#N/A,#N/A,#N/A,#N/A,#N/A,#N/A,#N/A,#N/A,#N/A,#N/A,#N/A,#N/A,#N/A,#N/A,#N/A,#N/A,#N/A,false,false,Never,false,true,#N/A,#N/A,Same,No,#N/A,#N/A
8c7bc21e-ce30-487f-9c9c-e05f8dc109dd,Browsezoom,Prospect,#N/A,5565 Maple Wood Street,San Jose,CA,95113,United States,#N/A,#N/A,#N/A,#N/A,#N/A,#N/A,#N/A,#N/A,#N/A,#N/A,#N/A,#N/A,#N/A,#N/A,Retail,2.4638374E7,#N/A,#N/A,#N/A,#N/A,#N/A,false,false,#N/A,false,false,#N/A,#N/A,#N/A,#N/A,#N/A,#N/A
8d0d2c49-a193-46cf-967a-e18d931e6bf3,Topdrive,Prospect,#N/A,539 S Main St,Findlay,OH,45840-3229,United States,#N/A,#N/A,#N/A,#N/A,#N/A,#N/A,#N/A,#N/A,#N/A,#N/A,#N/A,1.419.422.2121,#N/A,#N/A,Healthcare,7.2258E10,#N/A,Claton Gardner Hospital is the leader in Healthcare in Findlay,#N/A,#N/A,#N/A,false,false,#N/A,false,false,#N/A,#N/A,#N/A,#N/A,#N/A,#N/A
f9640b58-a44d-4e35-9591-543ddaa6ca4e,Gevee,Prospect,#N/A,6051 Northridge Park,Houston,TX,77240,United States,#N/A,#N/A,#N/A,#N/A,#N/A,#N/A,#N/A,#N/A,#N/A,#N/A,#N/A,#N/A,#N/A,#N/A,Consulting,3317099.0,#N/A,#N/A,#N/A,#N/A,#N/A,false,false,#N/A,false,false,#N/A,#N/A,#N/A,#N/A,#N/A,#N/A
1bbbd83a-fd4e-4225-b2ec-428d01092afe,Jabberstorm,Customer,#N/A,6/10 Mount St,Hunters Hill,NSW,2110,Australia,#N/A,#N/A,#N/A,6/10 Mount St,Hunters Hill,NSW,2110,Australia,#N/A,#N/A,#N/A,(02) 6279 8265,#N/A,#N/A,Healthcare,5.85033103E8,#N/A,CG South is the leader in Healthcare in Hunters Hill,#N/A,#N/A,#N/A,false,false,#N/A,false,false,#N/A,#N/A,#N/A,#N/A,#N/A,#N/A
7ce0a7b4-d179-422f-8478-8b3f29f35876,Saint Mary's College,Customer,#N/A,#N/A,#N/A,IN,#N/A,#N/A,#N/A,#N/A,#N/A,#N/A,#N/A,#N/A,#N/A,#N/A,#N/A,#N/A,#N/A,#N/A,#N/A,#N/A,Education,#N/A,350,#N/A,#N/A,#N/A,#N/A,false,false,#N/A,false,false,#N/A,#N/A,#N/A,#N/A,#N/A,#N/A
05ee173f-75d0-4368-a2c9-c5a22da7e476,Gabcube,Customer,#N/A,140 Diagonal Rd,Warradale,SA,5046,Australia,#N/A,#N/A,#N/A,140 Diagonal Rd,Warradale,SA,5046,Australia,#N/A,#N/A,#N/A,(08) 8985 7724,#N/A,#N/A,Apparel,1.27207233E8,#N/A,Charles Townsend Agency is the leader in Apparel in Warradale,#N/A,#N/A,#N/A,false,false,#N/A,false,false,#N/A,#N/A,#N/A,#N/A,#N/A,#N/A
05ca9c0e-ce11-4357-973b-23a76ea0e91c,Mydo,Customer,#N/A,108 Wilmot Rd,Deerfield,IL,60015-5145,United States,#N/A,#N/A,#N/A,200 George Street,#N/A,#N/A,#N/A,#N/A,#N/A,#N/A,#N/A,1.847.315.2500,#N/A,#N/A,Financial Services,1.03444E11,#N/A,"Civic Wealth, Inc. is the leader in Financial Services in Deerfield",#N/A,#N/A,#N/A,false,false,#N/A,false,false,#N/A,#N/A,#N/A,#N/A,#N/A,#N/A
4a475c85-1ac9-4a45-91c8-41a5ab06c663,Trudoo,Customer,#N/A,66 Beckenham St,Canley Vale,NSW,2166,Australia,#N/A,#N/A,#N/A,66 Beckenham St,Canley Vale,NSW,2166,Australia,#N/A,#N/A,#N/A,(02) 6548 7709,#N/A,#N/A,Consulting,1.78663741E8,#N/A,Mr. Sparkle is the leader in Consulting in Canley Vale,#N/A,#N/A,#N/A,false,false,#N/A,false,false,#N/A,#N/A,#N/A,#N/A,#N/A,#N/A
bd9c1c3f-936c-42cb-9924-50711e7a8e70,Yakitri,Customer,#N/A,1483 Alaskan Way,Seattle,WA,#N/A,USA,#N/A,#N/A,#N/A,#N/A,#N/A,#N/A,#N/A,#N/A,#N/A,#N/A,#N/A,(555) 561-5555,#N/A,#N/A,Healthcare,7.58251458E8,#N/A,Susannah St-Germain Hospital is the leader in Healthcare in Seattle,#N/A,#N/A,#N/A,false,false,#N/A,false,false,#N/A,#N/A,#N/A,#N/A,#N/A,#N/A
6c62d661-c3fa-43a3-93a4-7850a466205a,Jazzy,Prospect,#N/A,13 Joshua Cl,Bibra Lake,WA,6163,Australia,#N/A,#N/A,#N/A,13 Joshua Cl,Bibra Lake,WA,6163,Australia,#N/A,#N/A,#N/A,(08) 7593 7049,#N/A,#N/A,Healthcare,5.45137679E8,#N/A,PK North is the leader in Healthcare in Bibra Lake,#N/A,#N/A,#N/A,false,false,#N/A,false,false,#N/A,#N/A,#N/A,#N/A,#N/A,#N/A
02fbb698-e655-4f56-8006-d0a1c122ed05,Aivee,Customer,#N/A,Wittelsbacherplatz 2,Bavaria,Munich,80333,Germany,#N/A,#N/A,#N/A,6/10 Mount St,#N/A,#N/A,#N/A,#N/A,#N/A,#N/A,#N/A,#N/A,#N/A,#N/A,Banking,8.0231577E7,#N/A,Virtucon is the leader in Banking in Bavaria,#N/A,#N/A,#N/A,false,false,#N/A,false,false,#N/A,#N/A,#N/A,#N/A,#N/A,#N/A
12758ef2-865b-4413-bc4a-03fcf267e91e,Voolith,Customer,#N/A,500 S Buena Vista St,Burbank,CA,91521-0007,United States,#N/A,#N/A,#N/A,#N/A,#N/A,#N/A,#N/A,#N/A,#N/A,#N/A,#N/A,1.818.560.1000,#N/A,#N/A,Higher Education,5.2465E10,#N/A,Larsco College is the leader in Higher Education in Burbank,#N/A,#N/A,#N/A,false,false,#N/A,false,false,#N/A,#N/A,#N/A,#N/A,#N/A,#N/A
75e7b415-2281-4ddd-9881-ab63b53d9855,Wordware,Prospect,#N/A,066 Grayhawk Road,Flushing,NY,11355,United States,#N/A,#N/A,#N/A,#N/A,#N/A,#N/A,#N/A,#N/A,#N/A,#N/A,#N/A,#N/A,#N/A,#N/A,Utilities,1.5566896E7,#N/A,#N/A,#N/A,#N/A,#N/A,false,false,#N/A,false,false,#N/A,#N/A,#N/A,#N/A,#N/A,#N/A
eb28ea87-33e8-4423-8a18-eac39db4e73e,Universal Studios,Prospect,#N/A,#N/A,#N/A,#N/A,#N/A,#N/A,#N/A,#N/A,#N/A,#N/A,#N/A,#N/A,#N/A,#N/A,#N/A,#N/A,#N/A,#N/A,#N/A,#N/A,Entertainment,#N/A,#N/A,#N/A,#N/A,#N/A,#N/A,false,false,#N/A,false,false,#N/A,#N/A,#N/A,#N/A,#N/A,#N/A
b7942613-5a8f-44cd-8f87-e3d40a15c74b,Meevee,Customer,#N/A,2200 W Don Tyson Pkwy,Springdale,AR,72762-6901,United States,#N/A,#N/A,#N/A,P.O. BOX 2020,Springdale,AR,72765-2020,US,#N/A,#N/A,#N/A,1.479.290.4000,#N/A,#N/A,Media,4.1373E10,#N/A,Newslync is the leader in Media in Springdale,#N/A,#N/A,#N/A,false,false,#N/A,false,false,#N/A,#N/A,#N/A,#N/A,#N/A,#N/A
8714d3bc-0179-43fa-aaca-1f7613374272,Marriott Hotels,Customer,#N/A,#N/A,#N/A,MD,#N/A,#N/A,#N/A,#N/A,#N/A,#N/A,#N/A,#N/A,#N/A,#N/A,#N/A,#N/A,#N/A,#N/A,#N/A,#N/A,Hospitality,#N/A,170234,#N/A,#N/A,#N/A,#N/A,false,false,Never,false,true,#N/A,Contract Based,Same,No,#N/A,#N/A
7a26249f-5cdc-4b3b-a46e-bfbab5d893e4,McDonalds,Prospect,#N/A,#N/A,#N/A,#N/A,#N/A,#N/A,#N/A,#N/A,#N/A,#N/A,#N/A,#N/A,#N/A,#N/A,#N/A,#N/A,#N/A,#N/A,#N/A,#N/A,Restaurant,#N/A,205000,#N/A,#N/A,#N/A,#N/A,false,false,Never,false,true,#N/A,Contract Based,Same,No,#N/A,#N/A
652246af-0cee-4ef7-b9f0-5a54d48a66c4,Rhycero,Customer,#N/A,10 Wingfield St,Annerley,QLD,4103,Australia,#N/A,#N/A,#N/A,10 Wingfield St,Annerley,QLD,4103,Australia,#N/A,#N/A,#N/A,(07) 6433 7486,#N/A,#N/A,Retail,2.55815146E8,#N/A,Chez Quis is the leader in Retail in Annerley,#N/A,#N/A,#N/A,false,false,#N/A,false,false,#N/A,#N/A,#N/A,#N/A,#N/A,#N/A
af33cce6-6933-473d-bbee-8604a2905a12,Trilith,Customer,#N/A,27 Temple St,Victoria Park,WA,6100,Australia,#N/A,#N/A,#N/A,27 Temple St,Victoria Park,WA,6100,Australia,#N/A,#N/A,#N/A,(08) 7764 6096,#N/A,#N/A,Banking,2.87538616E8,#N/A,LexCorp is the leader in Banking in Victoria Park,#N/A,#N/A,#N/A,false,false,#N/A,false,false,#N/A,#N/A,#N/A,#N/A,#N/A,#N/A
35e6cdf2-b98a-4813-805e-b3ea5fa07b70,Edgeclub,Customer,#N/A,2455 Paces Ferry Rd SE,Atlanta,GA,30339-1834,United States,#N/A,#N/A,#N/A,P.O. BOX 105715,Atlanta,GA,30348-5715,US,#N/A,#N/A,#N/A,1.770.433.8211,#N/A,#N/A,Services,8.8519E10,#N/A,"Cashless Systems, Inc. is the leader in Services in Atlanta",#N/A,#N/A,#N/A,false,false,#N/A,false,false,#N/A,#N/A,#N/A,#N/A,#N/A,#N/A
d7da7fba-3d87-46e4-9356-2c6cc3a4482d,Jetpulse,Customer,#N/A,270 Park Ave,New York,NY,10017-2014,United States,#N/A,#N/A,#N/A,#N/A,#N/A,#N/A,#N/A,#N/A,#N/A,#N/A,#N/A,1.212.270.6000,#N/A,#N/A,Non Profit,1.01006E11,#N/A,Human Rights Defense Fund is the leader in Non Profit in New York,#N/A,#N/A,#N/A,false,false,#N/A,false,false,#N/A,#N/A,#N/A,#N/A,#N/A,#N/A
2d7d4628-1dbf-4d8b-84d7-02793096e9ad,Quire,Customer,#N/A,4/81 Doncaster Av,Kensington,NSW,1465,Australia,#N/A,#N/A,#N/A,4/81 Doncaster Av,Kensington,NSW,1465,Australia,#N/A,#N/A,#N/A,(02) 6721 8929,#N/A,#N/A,Healthcare,1.46231103E8,#N/A,SB North is the leader in Healthcare in Kensington,#N/A,#N/A,#N/A,false,false,#N/A,false,false,#N/A,#N/A,#N/A,#N/A,#N/A,#N/A
f26b90b0-0e0b-4759-b078-dd34ef69e2fc,Oyoba,Customer,#N/A,178 Campbell Parade,Bondi,NSW,2026,Australia,#N/A,#N/A,#N/A,178 Campbell Parade,Bondi,NSW,2026,Australia,#N/A,#N/A,#N/A,(02) 7198 7098,#N/A,#N/A,Healthcare,5.6873066E8,#N/A,Danielle Bogartz Hospital is the leader in Healthcare in Bondi,#N/A,#N/A,#N/A,false,false,#N/A,false,false,#N/A,#N/A,#N/A,#N/A,#N/A,#N/A
d9e79863-e6a3-48c7-ab78-42d550399e9a,Twinder,Prospect,#N/A,3000 N Sam Houston Pkwy E,Houston,TX,77032-3299,United States,#N/A,#N/A,#N/A,#N/A,#N/A,#N/A,#N/A,#N/A,#N/A,#N/A,#N/A,1.281.871.2699,#N/A,#N/A,Technology,2.3633E10,#N/A,Systym Vitals is the leader in Technology in Houston,#N/A,#N/A,#N/A,false,false,#N/A,false,false,#N/A,#N/A,#N/A,#N/A,#N/A,#N/A
7a3ecd49-33a9-4dc3-8cac-6d70642123ac,Six Flags Entertainment,Prospect,#N/A,#N/A,#N/A,TX,#N/A,#N/A,#N/A,#N/A,#N/A,#N/A,#N/A,#N/A,#N/A,#N/A,#N/A,#N/A,#N/A,#N/A,#N/A,#N/A,Entertainment,#N/A,#N/A,#N/A,#N/A,#N/A,#N/A,false,false,#N/A,false,false,#N/A,#N/A,#N/A,#N/A,#N/A,#N/A
b149eeff-2bcf-4220-8515-dbd19da9a8ef,Photobug,Prospect,#N/A,2 Graceland Street,Bloomington,IN,47405,United States,#N/A,#N/A,#N/A,#N/A,#N/A,#N/A,#N/A,#N/A,#N/A,#N/A,#N/A,#N/A,#N/A,#N/A,Manufacturing,3645701.0,#N/A,#N/A,#N/A,#N/A,#N/A,false,false,#N/A,false,false,#N/A,#N/A,#N/A,#N/A,#N/A,#N/A
e0577c6e-7466-47d9-9393-1eecd5db9c30,Camimbo,Customer,#N/A,3500 Deer Creek Road,Palo Alto,CA,35265,United States,#N/A,#N/A,#N/A,#N/A,#N/A,#N/A,#N/A,#N/A,#N/A,#N/A,#N/A,5552652358,#N/A,#N/A,Shipping,6.524859542E9,#N/A,123 Warehousing is the leader in Shipping in Palo Alto,#N/A,#N/A,#N/A,false,false,#N/A,false,false,#N/A,#N/A,#N/A,#N/A,#N/A,#N/A
0255c937-e703-4505-b7a9-8c9747e8b113,Topicblab,Customer,#N/A,500 W Main St Ste 300,Louisville,KY,40202-4268,United States,#N/A,#N/A,#N/A,P.O. BOX 14601,Louisville,KY,40214-0601,US,#N/A,#N/A,#N/A,1.502.580.1000,#N/A,#N/A,Apparel,5.4289E10,#N/A,Ankh-Sto Associates is the leader in Apparel in Louisville,#N/A,#N/A,#N/A,false,false,#N/A,false,false,#N/A,#N/A,#N/A,#N/A,#N/A,#N/A
f0522c69-0b13-4310-b6fd-142c6f0a1e55,Tagopia,Customer,#N/A,1 Toyota-Cho,Tokyo,#N/A,#N/A,Japan,#N/A,#N/A,#N/A,4 Riverside Rd,#N/A,#N/A,#N/A,#N/A,#N/A,#N/A,#N/A,#N/A,#N/A,#N/A,Technology,6.30331409E8,#N/A,Widget Corp is the leader in Technology,#N/A,#N/A,#N/A,false,false,#N/A,false,false,#N/A,#N/A,#N/A,#N/A,#N/A,#N/A
fa42db97-2bda-4f4b-8598-385a012389af,Thoughtmix,Customer,#N/A,1 Coca Cola Plz NW,Atlanta,GA,30313-2499,United States,#N/A,#N/A,#N/A,P.O. BOX 1734,Atlanta,GA,30301-1734,US,#N/A,#N/A,#N/A,1.404.676.2121,#N/A,#N/A,Energy,4.4294E10,#N/A,Transworld Consortium is the leader in Energy in Atlanta,#N/A,#N/A,#N/A,false,false,#N/A,false,false,#N/A,#N/A,#N/A,#N/A,#N/A,#N/A
0e6a27ab-b028-4963-befc-9197e37995c2,Hyatt Hotels Corporation,Prospect,#N/A,#N/A,#N/A,#N/A,#N/A,#N/A,#N/A,#N/A,#N/A,#N/A,#N/A,#N/A,#N/A,#N/A,#N/A,#N/A,#N/A,#N/A,#N/A,#N/A,Hospitality,#N/A,100000,#N/A,#N/A,#N/A,#N/A,false,false,Never,false,true,#N/A,Contract Based,Same,No,#N/A,#N/A
53be4652-fc0a-4646-9718-45870eed9290,Pizza Hut,Prospect,#N/A,#N/A,#N/A,#N/A,#N/A,#N/A,#N/A,#N/A,#N/A,#N/A,#N/A,#N/A,#N/A,#N/A,#N/A,#N/A,#N/A,#N/A,#N/A,#N/A,Restaurant,#N/A,#N/A,#N/A,#N/A,#N/A,#N/A,false,false,#N/A,false,false,#N/A,#N/A,#N/A,#N/A,#N/A,#N/A
5072ef92-6fcd-4355-af48-36ed83d1667c,Topicware,Customer,#N/A,avenue Nestlé 55,Zurich,#N/A,#N/A,Switzerland,#N/A,#N/A,#N/A,#N/A,#N/A,#N/A,#N/A,#N/A,#N/A,#N/A,#N/A,#N/A,#N/A,#N/A,Healthcare,1.89167866E8,#N/A,TSM North is the leader in Healthcare,#N/A,#N/A,#N/A,false,false,#N/A,false,false,#N/A,#N/A,#N/A,#N/A,#N/A,#N/A
bf2c0e9d-652b-40cb-b120-453881337368,Oloo,Customer,#N/A,100 Ne Adams St,Peoria,IL,61629-0002,United States,#N/A,#N/A,#N/A,#N/A,#N/A,#N/A,#N/A,#N/A,#N/A,#N/A,#N/A,1.309.675.1000,#N/A,#N/A,Automotive,4.7011E10,#N/A,Carthage Automotive is the leader in Automotive in Peoria,#N/A,#N/A,#N/A,false,false,#N/A,false,false,#N/A,#N/A,#N/A,#N/A,#N/A,#N/A
bacd9d7a-2ae9-4974-9285-9a42fd7b841e,Masking PII Test,#N/A,#N/A,#N/A,#N/A,#N/A,#N/A,#N/A,#N/A,#N/A,#N/A,#N/A,#N/A,#N/A,#N/A,#N/A,#N/A,#N/A,#N/A,#N/A,98765430,#N/A,#N/A,#N/A,#N/A,#N/A,#N/A,#N/A,#N/A,false,false,Never,false,true,#N/A,#N/A,Same,No,#N/A,#N/A
a49920b1-d25e-499b-8d5b-dce2a9d90838,Tagtune,Customer,#N/A,8200 Jones Branch Dr,Mc Lean,VA,22102-3107,United States,#N/A,#N/A,#N/A,#N/A,#N/A,#N/A,#N/A,#N/A,#N/A,#N/A,#N/A,1.703.903.2000,#N/A,#N/A,Hospitality,6.3491E10,#N/A,Decorum Interior Design is the leader in Hospitality in Mc Lean,#N/A,#N/A,#N/A,false,false,#N/A,false,false,#N/A,#N/A,#N/A,#N/A,#N/A,#N/A
43ca5b3d-f8d8-4e40-9b1d-5d415a5d4391,Feedbug,Prospect,#N/A,1 Valero Way,San Antonio,TX,78249-1616,United States,#N/A,#N/A,#N/A,P.O. BOX 696000,San Antonio,TX,78269-6000,US,#N/A,#N/A,#N/A,1.210.345.2000,#N/A,#N/A,Non Profit,8.7804E10,#N/A,Feed the Kids is the leader in Non Profit in San Antonio,#N/A,#N/A,#N/A,false,false,#N/A,false,false,#N/A,#N/A,#N/A,#N/A,#N/A,#N/A
229a0aea-c979-4c06-92cd-8677e7bd6316,Shufflester,Prospect,#N/A,1000 Nicollet Mall,Minneapolis,MN,55403-2542,United States,#N/A,#N/A,#N/A,P.O. BOX 81226,#N/A,#N/A,#N/A,#N/A,#N/A,#N/A,#N/A,1.612.304.6073,#N/A,#N/A,Services,7.3785E10,#N/A,"Equality Consulting, LLC is the leader in Services in Minneapolis",#N/A,#N/A,#N/A,false,false,#N/A,false,false,#N/A,#N/A,#N/A,#N/A,#N/A,#N/A
c8b97cf7-39e0-42c0-a414-f6ee777103bf,Edgepulse,Customer,#N/A,30 Avenue Montaigne,Paris,Paris,#N/A,France,#N/A,#N/A,#N/A,#N/A,#N/A,#N/A,#N/A,#N/A,#N/A,#N/A,#N/A,#N/A,#N/A,#N/A,Healthcare,5.25079613E8,#N/A,St. Francis South Side is the leader in Healthcare in Paris,#N/A,#N/A,#N/A,false,false,#N/A,false,false,#N/A,#N/A,#N/A,#N/A,#N/A,#N/A
72935334-e171-4a4d-a6f6-52629c00588d,Acme,Prospect,#N/A,10 Main Rd.,Denver,CO,80211,USA,#N/A,#N/A,#N/A,10 Main Rd.,New York,NY,31349,USA,#N/A,#N/A,#N/A,(212) 555-5555,(212) 555-5555,www.acme.co,Corporate Office,1.0E8,680,"These are my notes, my only notes, my friend.",#N/A,#N/A,#N/A,false,false,#N/A,false,false,#N/A,#N/A,#N/A,#N/A,#N/A,#N/A
cb7c2d45-b609-457a-bd90-24eb4853dc2f,Realfire,Customer,#N/A,5959 Las Colinas Blvd,Irving,TX,75039-2298,United States,#N/A,#N/A,#N/A,#N/A,#N/A,#N/A,#N/A,#N/A,#N/A,#N/A,#N/A,1.972.444.1000,#N/A,#N/A,Automotive,2.68882E11,#N/A,"Custom Metal, LLC is the leader in Automotive in Irving",#N/A,#N/A,#N/A,false,false,#N/A,false,false,#N/A,#N/A,#N/A,#N/A,#N/A,#N/A
cc08c154-76c4-4769-be40-aaf165e440b3,Fanoodle,Prospect,#N/A,51368 Leverkusen,North Rhine-Westphalia,Leverkusen,#N/A,Germany,#N/A,#N/A,#N/A,#N/A,#N/A,#N/A,#N/A,#N/A,#N/A,#N/A,#N/A,#N/A,#N/A,#N/A,Banking,8.4202995E8,#N/A,SpringShield is the leader in Banking in North Rhine-Westphalia,#N/A,#N/A,#N/A,false,false,#N/A,false,false,#N/A,#N/A,#N/A,#N/A,#N/A,#N/A
f50ce93e-c709-46b3-9646-d93f10cc9e86,Viva,Customer,#N/A,34 Frasers Rd,Mitchelton,QLD,4053,Australia,#N/A,#N/A,#N/A,34 Frasers Rd,Mitchelton,QLD,4053,Australia,#N/A,#N/A,#N/A,(07) 8057 8902,#N/A,#N/A,Healthcare,8.4202995E8,#N/A,Christian Lavendar Hospital is the leader in Healthcare in Mitchelton,#N/A,#N/A,#N/A,false,false,#N/A,false,false,#N/A,#N/A,#N/A,#N/A,#N/A,#N/A
ca97a34f-811b-4b74-8a60-96bb8c67f0ce,Realblab,Prospect,#N/A,53 Park Meadow Pass,New Bedford,MA,2745,United States,#N/A,#N/A,#N/A,#N/A,#N/A,#N/A,#N/A,#N/A,#N/A,#N/A,#N/A,#N/A,#N/A,#N/A,Insurance,2.9588767E7,#N/A,#N/A,#N/A,#N/A,#N/A,false,false,#N/A,false,false,#N/A,#N/A,#N/A,#N/A,#N/A,#N/A
d867db18-5043-4bfa-8ac8-1b8c48cd4ee5,Mynte,Customer,#N/A,6/14-16 Freeman Rd,Chatswood,NSW,2057,Australia,#N/A,#N/A,#N/A,6/14-16 Freeman Rd,Chatswood,NSW,2057,Australia,#N/A,#N/A,#N/A,(02) 6453 6240,#N/A,#N/A,Government,6.26746894E8,#N/A,Omni Consimer Products is the leader in Government in Chatswood,#N/A,#N/A,#N/A,false,false,#N/A,false,false,#N/A,#N/A,#N/A,#N/A,#N/A,#N/A
e8cc936f-b48f-42c5-be05-df861809c1dd,Voomm,Prospect,#N/A,5757 N Green Bay Ave,Milwaukee,WI,53209-4408,United States,#N/A,#N/A,#N/A,P.O. BOX 591,Milwaukee,WI,53201-0591,US,#N/A,#N/A,#N/A,1.414.524.1200,#N/A,#N/A,Machinery,3.7179E10,#N/A,General Forge and Foundry is the leader in Machinery in Milwaukee,#N/A,#N/A,#N/A,false,false,#N/A,false,false,#N/A,#N/A,#N/A,#N/A,#N/A,#N/A
df4db55a-57b8-4afc-a7b4-2358d7456367,Oodoo,Customer,#N/A,1501 Page Mill Rd,Palo Alto,CA,94304-1126,United States,#N/A,#N/A,#N/A,P.O. BOX 10301,Palo Alto,CA,94303-0890,US,#N/A,#N/A,#N/A,1.650.857.1501,#N/A,#N/A,Automotive,1.03355E11,#N/A,Kumatsu Motors is the leader in Automotive in Palo Alto,#N/A,#N/A,#N/A,false,false,#N/A,false,false,#N/A,#N/A,#N/A,#N/A,#N/A,#N/A
1f8e85eb-d58d-48a5-b934-b013131ffe53,Meembee,Customer,#N/A,1 Canada Square,Canary Wharf,London,E14 5AJ,United Kingdom,#N/A,#N/A,#N/A,#N/A,#N/A,#N/A,#N/A,#N/A,#N/A,#N/A,#N/A,#N/A,#N/A,#N/A,Healthcare,1.78663741E8,#N/A,St. Francis Hospital is the leader in Healthcare in Canary Wharf,#N/A,#N/A,#N/A,false,false,#N/A,false,false,#N/A,#N/A,#N/A,#N/A,#N/A,#N/A
ce27869a-03a8-4dc9-90f5-441d03e7d97e,Vipe,Prospect,#N/A,1100 Louisiana St FL 10,Houston,TX,77002-5432,United States,#N/A,#N/A,#N/A,P.O. BOX 4324,Houston,TX,77210-4324,US,#N/A,#N/A,#N/A,1.713.381.6500,#N/A,#N/A,Healthcare,2.70279E10,#N/A,Sylvia Birungi Hospital is the leader in Healthcare in Houston,#N/A,#N/A,#N/A,false,false,#N/A,false,false,#N/A,#N/A,#N/A,#N/A,#N/A,#N/A
d7f1abdd-4128-49fd-b758-7e5ad079c7d1,Vitz,Customer,#N/A,3135 Easton Tpke,Fairfield,CT,06828-0001,United States,#N/A,#N/A,#N/A,#N/A,#N/A,#N/A,#N/A,#N/A,#N/A,#N/A,#N/A,1.203.373.2211,#N/A,#N/A,Technology,1.17386E11,#N/A,"Signal Processing, LLC is the leader in Technology in Fairfield",#N/A,#N/A,#N/A,false,false,#N/A,false,false,#N/A,#N/A,#N/A,#N/A,#N/A,#N/A
4a865490-9780-46da-93ed-336f020aa95e,Buzzshare,Customer,#N/A,2941 Frview Pk Dr Ste 100,Falls Church,VA,22042,United States,#N/A,#N/A,#N/A,#N/A,#N/A,#N/A,#N/A,#N/A,#N/A,#N/A,#N/A,1.703.876.3000,#N/A,#N/A,Transportation,3.1469E10,#N/A,Keading Transportation Services is the leader in Transportation in Falls Church,#N/A,#N/A,#N/A,false,false,#N/A,false,false,#N/A,#N/A,#N/A,#N/A,#N/A,#N/A
56837d40-7123-4702-93a8-8aaacc4ada28,Dynava,Prospect,#N/A,3 Parkway N Ste 300,Deerfield,IL,60015-2565,United States,#N/A,#N/A,#N/A,23 Lundy Av,#N/A,#N/A,#N/A,#N/A,#N/A,#N/A,#N/A,1.847.943.4000,#N/A,#N/A,Transportation,2.9636E10,#N/A,SWD Logistics is the leader in Transportation in Deerfield,#N/A,#N/A,#N/A,false,false,#N/A,false,false,#N/A,#N/A,#N/A,#N/A,#N/A,#N/A
e34ef005-0cd8-4a93-a6bb-0f30f0aa1503,Browsetype,Customer,#N/A,708 3rd Ave Rm 1500,New York,NY,10017-4108,United States,#N/A,#N/A,#N/A,708 3rd Ave Rm 1500,#N/A,#N/A,#N/A,#N/A,#N/A,#N/A,#N/A,1.212.485.3500,#N/A,#N/A,Non Profit,3.46761E10,#N/A,First Response Relief Services is the leader in Non Profit in New York,#N/A,#N/A,#N/A,false,false,#N/A,false,false,#N/A,#N/A,#N/A,#N/A,#N/A,#N/A
8fceeffe-2bdc-494e-b793-1ba8eea80e09,Voonix,Customer,#N/A,1 Procter and Gamble Plz,Cincinnati,OH,45202-3393,United States,#N/A,#N/A,#N/A,P.O. BOX 599,Cincinnati,OH,45201-0599,US,#N/A,#N/A,#N/A,1.513.983.1100,#N/A,#N/A,Consumer Goods,7.6279E10,#N/A,ADM Goods is the leader in Consumer Goods in Cincinnati,#N/A,#N/A,#N/A,false,false,#N/A,false,false,#N/A,#N/A,#N/A,#N/A,#N/A,#N/A
f39f8b05-c635-4a0d-907c-14f8ba6a298c,Thoughtworks,Customer,#N/A,19 Airlie Cr,Cecil Hills,NSW,2171,Australia,#N/A,#N/A,#N/A,19 Airlie Cr,Cecil Hills,NSW,2171,Australia,#N/A,#N/A,#N/A,(02) 8210 6814,#N/A,#N/A,Healthcare,2.35005519E8,#N/A,NC North is the leader in Healthcare in Cecil Hills,#N/A,#N/A,#N/A,false,false,#N/A,false,false,#N/A,#N/A,#N/A,#N/A,#N/A,#N/A
d42605d3-8c54-4c1e-bd62-0cdca8e6b5e8,Eadel,Customer,#N/A,208 S Akard St,Dallas,TX,75202-4295,United States,#N/A,#N/A,#N/A,#N/A,#N/A,#N/A,#N/A,#N/A,#N/A,#N/A,#N/A,1.210.821.4105,#N/A,#N/A,Automotive,1.46801E11,#N/A,"Regal Machine, Inc. is the leader in Automotive in Dallas",#N/A,#N/A,#N/A,false,false,#N/A,false,false,#N/A,#N/A,#N/A,#N/A,#N/A,#N/A
a25e7c5a-d566-4bcc-b900-1523563c50dd,Kazu,Prospect,#N/A,1095 Ave of The Americas,New York,NY,10036-6704,United States,#N/A,#N/A,#N/A,#N/A,#N/A,#N/A,#N/A,#N/A,#N/A,#N/A,#N/A,1.212.395.1000,#N/A,#N/A,Services,1.3162E11,#N/A,Colonial Movers is the leader in Services in New York,#N/A,#N/A,#N/A,false,false,#N/A,false,false,#N/A,#N/A,#N/A,#N/A,#N/A,#N/A
7f28e13d-4c36-4a97-be0a-ac4cb933b888,Dabtype,Prospect,#N/A,5678 Victory Rd,Brighton,Colorado,80020,USA,#N/A,#N/A,#N/A,#N/A,#N/A,#N/A,#N/A,#N/A,#N/A,#N/A,#N/A,#N/A,#N/A,#N/A,Machinery,#N/A,#N/A,Alexa Roberts is the leader in Machinery in Brighton,#N/A,#N/A,#N/A,false,false,#N/A,false,false,#N/A,#N/A,#N/A,#N/A,#N/A,#N/A
e5fcdd56-47f8-4694-bfa1-12a494ae728e,Browsedrive,Customer,#N/A,1-7-1 Konan Minato-ku,Tokyo,#N/A,#N/A,Japan,#N/A,#N/A,#N/A,4 Riverside Rd,#N/A,#N/A,#N/A,#N/A,#N/A,#N/A,#N/A,#N/A,#N/A,#N/A,Telecommunications,7.76395463E8,#N/A,Wernham Hogg is the leader in Telecommunications,#N/A,#N/A,#N/A,false,false,#N/A,false,false,#N/A,#N/A,#N/A,#N/A,#N/A,#N/A
73a11015-4b91-4e38-8a95-f4e39357b76d,Fiveclub,Customer,#N/A,1014 Vine St Ste 1000,Cincinnati,OH,45202-1100,United States,#N/A,#N/A,#N/A,#N/A,#N/A,#N/A,#N/A,#N/A,#N/A,#N/A,#N/A,1.513.762.4000,#N/A,#N/A,Higher Education,1.0983E11,#N/A,Hagan University is the leader in Higher Education in Cincinnati,#N/A,#N/A,#N/A,false,false,#N/A,false,false,#N/A,#N/A,#N/A,#N/A,#N/A,#N/A
e9e29c84-f852-4a6a-9703-3a57523806d1,Lazzy,Customer,#N/A,28 Besline St,Kuraby,QLD,4112,Australia,#N/A,#N/A,#N/A,28 Besline St,Kuraby,QLD,4112,Australia,#N/A,#N/A,#N/A,(07) 6674 6703,#N/A,#N/A,Manufacturing,9.37328603E8,#N/A,Leeding Engines Ltd. is the leader in Manufacturing in Kuraby,#N/A,#N/A,#N/A,false,false,#N/A,false,false,#N/A,#N/A,#N/A,#N/A,#N/A,#N/A
29d0a2fe-3b92-4fba-b34d-b3d266eb365c,Jaxworks,Customer,#N/A,60 Columbus Cir FL 17,New York,NY,10023-5860,United States,#N/A,#N/A,#N/A,6/10 Mount St,#N/A,#N/A,#N/A,#N/A,#N/A,#N/A,#N/A,1.212.364.8200,#N/A,#N/A,Finance,2.3697E10,#N/A,Thrift Bank is the leader in Finance in New York,#N/A,#N/A,#N/A,false,false,#N/A,false,false,#N/A,#N/A,#N/A,#N/A,#N/A,#N/A
b9b93108-e892-4d27-bf0c-f4b07b80b5c7,Browsecat,Customer,#N/A,6 Rush St,Woollahra,NSW,2025,Australia,#N/A,#N/A,#N/A,6 Rush St,Woollahra,NSW,2025,Australia,#N/A,#N/A,#N/A,(02) 8325 6428,#N/A,#N/A,Insurance,9.43474187E8,#N/A,Rouster and Sideways is the leader in Insurance in Woollahra,#N/A,#N/A,#N/A,false,false,#N/A,false,false,#N/A,#N/A,#N/A,#N/A,#N/A,#N/A
249f49b0-6e9b-4bab-b21f-7a2f829894d1,Shake Shack,Customer,#N/A,#N/A,#N/A,#N/A,#N/A,#N/A,#N/A,#N/A,#N/A,#N/A,#N/A,#N/A,#N/A,#N/A,#N/A,#N/A,#N/A,#N/A,#N/A,#N/A,Restaurant,#N/A,#N/A,#N/A,#N/A,#N/A,#N/A,false,false,#N/A,false,false,#N/A,#N/A,#N/A,#N/A,#N/A,#N/A
ad96271e-8a27-4acd-a620-c263e3965409,Yakidoo,Customer,#N/A,75010,Paris,#N/A,#N/A,France,#N/A,#N/A,#N/A,#N/A,#N/A,#N/A,#N/A,#N/A,#N/A,#N/A,#N/A,#N/A,#N/A,#N/A,Healthcare,4.528576E8,#N/A,Trevor Ferrin Hospital is the leader in Healthcare,#N/A,#N/A,#N/A,false,false,#N/A,false,false,#N/A,#N/A,#N/A,#N/A,#N/A,#N/A
8cc6be39-02de-4554-9f76-cb3a8966759a,Twiyo,Customer,#N/A,1211 Ave of The Americas,New York,NY,10036-8701,United States,#N/A,#N/A,#N/A,178 Campbell Parade,#N/A,#N/A,#N/A,#N/A,#N/A,#N/A,#N/A,1.212.852.7000,#N/A,#N/A,Automotive,2.8987E10,#N/A,Enginomics is the leader in Automotive in New York,#N/A,#N/A,#N/A,false,false,#N/A,false,false,#N/A,#N/A,#N/A,#N/A,#N/A,#N/A
96a5e9cf-3880-479b-802b-608d91afc489,Regal Cinemas,Customer,#N/A,#N/A,#N/A,#N/A,#N/A,#N/A,#N/A,#N/A,#N/A,#N/A,#N/A,#N/A,#N/A,#N/A,#N/A,#N/A,#N/A,#N/A,#N/A,#N/A,Entertainment,#N/A,#N/A,#N/A,#N/A,#N/A,#N/A,false,false,#N/A,false,false,#N/A,#N/A,#N/A,#N/A,#N/A,#N/A
b7514256-f9d9-4c0c-8305-6245fe192f18,Kanoodle,Customer,#N/A,4/81 Doncaster Av,Kensington,NSW,1465,Australia,#N/A,#N/A,#N/A,4/81 Doncaster Av,Kensington,NSW,1465,Australia,#N/A,#N/A,#N/A,(02) 7112 6523,#N/A,#N/A,Media,4.2451628E8,#N/A,Sample Company is the leader in Media in Kensington,#N/A,#N/A,#N/A,false,false,#N/A,false,false,#N/A,#N/A,#N/A,#N/A,#N/A,#N/A
9fec2ae2-884c-41ed-b781-466550bbd0b1,Brightdog,Customer,#N/A,3010 Briarpark Dr,Houston,TX,77042-3706,United States,#N/A,#N/A,#N/A,P.O. BOX 4428,Houston,TX,77210-4428,US,#N/A,#N/A,#N/A,1.281.293.6600,#N/A,#N/A,Hospitality,1.00949E11,#N/A,Your Lesiure Microtels is the leader in Hospitality in Houston,#N/A,#N/A,#N/A,false,false,#N/A,false,false,#N/A,#N/A,#N/A,#N/A,#N/A,#N/A
8d6761e7-7b1c-4870-9003-a3a781797b57,Kimia,Customer,#N/A,2/11 Boyle St,Balgowlah,NSW,2093,Australia,#N/A,#N/A,#N/A,2/11 Boyle St,Balgowlah,NSW,2093,Australia,#N/A,#N/A,#N/A,(02) 6512 8801,#N/A,#N/A,Transportation,4.9892102E7,#N/A,Smith and Co. is the leader in Transportation in Balgowlah,#N/A,#N/A,#N/A,false,false,#N/A,false,false,#N/A,#N/A,#N/A,#N/A,#N/A,#N/A
f7276ccc-ae0b-4bab-91af-6b353999b47d,Dynabox,Prospect,#N/A,28a College Rd S,Riverview,NSW,2066,Australia,#N/A,#N/A,#N/A,28a College Rd S,Riverview,NSW,2066,Australia,#N/A,#N/A,#N/A,(02) 8954 8573,#N/A,#N/A,Manufacturing,1.89091733E8,#N/A,QWERTY Logistics is the leader in Manufacturing in Riverview,#N/A,#N/A,#N/A,false,false,#N/A,false,false,#N/A,#N/A,#N/A,#N/A,#N/A,#N/A
43363fd6-e1f0-43d3-b4cf-cb13cc97cddd,Fatz,Customer,#N/A,1600 Amphitheatre Pkwy,Mountain View,CA,94043-1351,United States,#N/A,#N/A,#N/A,#N/A,#N/A,#N/A,#N/A,#N/A,#N/A,#N/A,#N/A,1.650.253.0000,#N/A,#N/A,Retail,7.4989E10,#N/A,Roxxon is the leader in Retail in Mountain View,#N/A,#N/A,#N/A,false,false,#N/A,false,false,#N/A,#N/A,#N/A,#N/A,#N/A,#N/A
1e05b318-1f15-4c70-a33e-d32f47b5ee72,Kwimbee,Customer,#N/A,3351 Michelson Dr Ste 100,Irvine,CA,92612-0697,United States,#N/A,#N/A,#N/A,3351 Michelson Dr Ste 100,#N/A,#N/A,#N/A,#N/A,#N/A,#N/A,#N/A,1.714.566.1000,#N/A,#N/A,Technology,4.3025852E10,#N/A,Abilitech Software Solutions is the leader in Technology in Irvine,#N/A,#N/A,#N/A,false,false,#N/A,false,false,#N/A,#N/A,#N/A,#N/A,#N/A,#N/A
f89f53da-dd4d-4a62-90a5-a3621d3a2ee3,Flashset,Prospect,#N/A,4 Weeping Birch Crossing,Carson City,NV,89714,United States,#N/A,#N/A,#N/A,#N/A,#N/A,#N/A,#N/A,#N/A,#N/A,#N/A,#N/A,#N/A,#N/A,#N/A,Consulting,9488745.0,#N/A,#N/A,#N/A,#N/A,#N/A,false,false,#N/A,false,false,#N/A,#N/A,#N/A,#N/A,#N/A,#N/A
74975fcc-c636-4cac-8430-91a22f9e285b,Notre Dame University,Prospect,#N/A,#N/A,#N/A,IN,#N/A,#N/A,#N/A,#N/A,#N/A,#N/A,#N/A,#N/A,#N/A,#N/A,#N/A,#N/A,#N/A,#N/A,#N/A,#N/A,Education,#N/A,1309,#N/A,#N/A,#N/A,#N/A,false,false,#N/A,false,false,#N/A,#N/A,#N/A,#N/A,#N/A,#N/A
ca1b8828-a1af-4fe3-adb2-5727f2bad4b2,Skinte,Customer,#N/A,9900 Bren Rd E Ste 300w,Minnetonka,MN,55343-9693,United States,#N/A,#N/A,#N/A,P.O. BOX 1459,Minneapolis,MN,55440-1459,US,#N/A,#N/A,#N/A,1.952.936.1300,#N/A,#N/A,Shipping,1.57107E11,#N/A,"Input, Inc. is the leader in Shipping in Minnetonka",#N/A,#N/A,#N/A,false,false,#N/A,false,false,#N/A,#N/A,#N/A,#N/A,#N/A,#N/A
04d3de75-945d-439c-8b37-04783fd2a292,Rhynyx,Customer,#N/A,120 Monument Cir Ste 200,Indianapolis,IN,46204-4902,United States,#N/A,#N/A,#N/A,#N/A,#N/A,#N/A,#N/A,#N/A,#N/A,#N/A,#N/A,1.317.488.6000,#N/A,#N/A,Consumer Goods,7.91565E10,#N/A,Kellerman Corp. is the leader in Consumer Goods in Indianapolis,#N/A,#N/A,#N/A,false,false,#N/A,false,false,#N/A,#N/A,#N/A,#N/A,#N/A,#N/A
cee475b0-56b6-4f2b-be7b-7d8763f63226,Topicstorm,Customer,#N/A,1701 JFK Blvd,Philadelphia,PA,19103-2838,United States,#N/A,#N/A,#N/A,#N/A,#N/A,#N/A,#N/A,#N/A,#N/A,#N/A,#N/A,1.215.286.1700,#N/A,#N/A,Technology,7.451E10,#N/A,Initech is the leader in Technology in Philadelphia,#N/A,#N/A,#N/A,false,false,#N/A,false,false,#N/A,#N/A,#N/A,#N/A,#N/A,#N/A
7d61a834-587a-449b-ac0a-71b5202e130f,Realbridge,Prospect,#N/A,50 Loch Av,Ballarat Central,VIC,3350,Australia,#N/A,#N/A,#N/A,50 Loch Av,Ballarat Central,VIC,3350,Australia,#N/A,#N/A,#N/A,(03) 8300 7460,#N/A,#N/A,Manufacturing,2.89485471E8,#N/A,Incom Corporation is the leader in Manufacturing in Ballarat Central,#N/A,#N/A,#N/A,false,false,#N/A,false,false,#N/A,#N/A,#N/A,#N/A,#N/A,#N/A
9d7bf104-8b8d-43cc-8f35-27b9b046e31c,Popeyes,Customer,#N/A,#N/A,#N/A,#N/A,#N/A,#N/A,#N/A,#N/A,#N/A,#N/A,#N/A,#N/A,#N/A,#N/A,#N/A,#N/A,#N/A,#N/A,#N/A,#N/A,Restaurant,#N/A,#N/A,#N/A,#N/A,#N/A,#N/A,false,false,#N/A,false,false,#N/A,#N/A,#N/A,#N/A,#N/A,#N/A
247d4d00-8349-4eb5-9d77-7dc6025a6940,AMC Entertainment,Customer,#N/A,#N/A,#N/A,#N/A,#N/A,#N/A,#N/A,#N/A,#N/A,#N/A,#N/A,#N/A,#N/A,#N/A,#N/A,#N/A,#N/A,#N/A,#N/A,#N/A,Entertainment,#N/A,4408,#N/A,#N/A,#N/A,#N/A,false,false,#N/A,false,false,#N/A,#N/A,#N/A,#N/A,#N/A,#N/A
4b7dd7fe-b214-4232-a232-4152511f42a3,Layo,Customer,#N/A,1030 Delta Blvd,Atlanta,GA,30354-1989,United States,#N/A,#N/A,#N/A,P.O. BOX 20706,Atlanta,GA,30320-6001,US,#N/A,#N/A,#N/A,1.404.715.2600,#N/A,#N/A,Shipping,4.0704E10,#N/A,Taggart Transcontinental is the leader in Shipping in Atlanta,#N/A,#N/A,#N/A,false,false,#N/A,false,false,#N/A,#N/A,#N/A,#N/A,#N/A,#N/A
b04e26a7-1cc1-4369-961d-5572b263185b,Eazzy,Prospect,#N/A,7000 Cardinal Pl,Dublin,OH,43017-1091,United States,#N/A,#N/A,#N/A,#N/A,#N/A,#N/A,#N/A,#N/A,#N/A,#N/A,#N/A,1.614.757.5000,#N/A,#N/A,Construction,1.02531E11,#N/A,Sombra Corporation is the leader in Construction in Dublin,#N/A,#N/A,#N/A,false,false,#N/A,false,false,#N/A,#N/A,#N/A,#N/A,#N/A,#N/A
5dcad7c5-bb74-4a6a-bee9-1db457e9e6f6,KFC,Customer,#N/A,#N/A,#N/A,#N/A,#N/A,#N/A,#N/A,#N/A,#N/A,#N/A,#N/A,#N/A,#N/A,#N/A,#N/A,#N/A,#N/A,#N/A,#N/A,#N/A,Restaurant,#N/A,500,#N/A,#N/A,#N/A,#N/A,false,false,Never,false,true,#N/A,Contract Based,Same,No,#N/A,#N/A
15f2efac-4f27-4b5c-a2d0-1c9ab90b9f16,Skimia,Prospect,#N/A,51 Madison Ave Bsmt 1b,New York,NY,10010-1655,United States,#N/A,#N/A,#N/A,#N/A,#N/A,#N/A,#N/A,#N/A,#N/A,#N/A,#N/A,1.212.576.7000,#N/A,#N/A,Healthcare,1.4139579037E10,#N/A,Athena Theraputics is the leader in Healthcare in New York,#N/A,#N/A,#N/A,false,false,#N/A,false,false,#N/A,#N/A,#N/A,#N/A,#N/A,#N/A
62f2b56b-1f44-41ba-9f99-01514e74088f,Eamia,Customer,#N/A,2/2 Bowns Rd,Kogarah,NSW,2217,Australia,#N/A,#N/A,#N/A,2/2 Bowns Rd,Kogarah,NSW,2217,Australia,#N/A,#N/A,#N/A,(02) 8850 8728,#N/A,#N/A,Communications,5.1403189E8,#N/A,Burleigh and Stronginthearm is the leader in Communications in Kogarah,#N/A,#N/A,#N/A,false,false,#N/A,false,false,#N/A,#N/A,#N/A,#N/A,#N/A,#N/A
1dd04607-7227-46ae-a213-20bea352a0b8,Edgetag,Prospect,#N/A,233 S Wacker Dr,Chicago,IL,60606-7147,United States,#N/A,#N/A,#N/A,29 Noalimba Cr,#N/A,#N/A,#N/A,#N/A,#N/A,#N/A,#N/A,1.872.825.4000,#N/A,#N/A,Retail,3.7864E10,#N/A,Realia Home is the leader in Retail in Chicago,#N/A,#N/A,#N/A,false,false,#N/A,false,false,#N/A,#N/A,#N/A,#N/A,#N/A,#N/A
032d3141-5528-4981-8fe7-e557c01c6903,IHG Hotels & Resorts,Prospect,#N/A,#N/A,#N/A,#N/A,#N/A,#N/A,#N/A,#N/A,#N/A,#N/A,#N/A,#N/A,#N/A,#N/A,#N/A,#N/A,#N/A,#N/A,#N/A,#N/A,Hospitality,#N/A,9636,#N/A,#N/A,#N/A,#N/A,false,false,Never,false,true,#N/A,Contract Based,Same,No,#N/A,#N/A
9a7174e1-7076-4faa-a3e8-fa545ac5de65,Agimba,Customer,#N/A,18 McMahon Dr,Ballan,VIC,3342,Australia,#N/A,#N/A,#N/A,18 McMahon Dr,Ballan,VIC,3342,Australia,#N/A,#N/A,#N/A,(03) 8664 6673,#N/A,#N/A,Apparel,5.29570951E8,#N/A,Minuteman Cafe is the leader in Apparel in Ballan,#N/A,#N/A,#N/A,false,false,#N/A,false,false,#N/A,#N/A,#N/A,#N/A,#N/A,#N/A
48fbd67f-9f0b-4da3-a117-56a414e3e5fe,Jabbersphere,Customer,#N/A,3333 Beverly Rd,Hoffman Estates,IL,60179-0001,United States,#N/A,#N/A,#N/A,#N/A,#N/A,#N/A,#N/A,#N/A,#N/A,#N/A,#N/A,1.847.286.2500,#N/A,#N/A,Communications,2.5146E10,#N/A,SocialScaling is the leader in Communications in Hoffman Estates,#N/A,#N/A,#N/A,false,false,#N/A,false,false,#N/A,#N/A,#N/A,#N/A,#N/A,#N/A
fb5522c5-87e1-46ea-b43b-8fd75733ce15,Realcube,Customer,#N/A,"Via Nizza, 250",Turin,Turin,#N/A,Italy,#N/A,#N/A,#N/A,#N/A,#N/A,#N/A,#N/A,#N/A,#N/A,#N/A,#N/A,#N/A,#N/A,#N/A,Healthcare,7.20606185E8,#N/A,TF North is the leader in Healthcare in Turin,#N/A,#N/A,#N/A,false,false,#N/A,false,false,#N/A,#N/A,#N/A,#N/A,#N/A,#N/A
6fdce1c7-7996-4480-9f13-befedfdd7710,Quatz,Prospect,#N/A,2591 Vidon Court,Houston,TX,77228,United States,#N/A,#N/A,#N/A,#N/A,#N/A,#N/A,#N/A,#N/A,#N/A,#N/A,#N/A,#N/A,#N/A,#N/A,Manufacturing,2.1153104E7,#N/A,#N/A,#N/A,#N/A,#N/A,false,false,#N/A,false,false,#N/A,#N/A,#N/A,#N/A,#N/A,#N/A
ff1881c3-8a96-4c0c-b599-d070f4e4cfc4,Dabfeed,Customer,#N/A,300 Chestnut Ridge Road,Bavaria,Munich,#N/A,Germany,#N/A,#N/A,#N/A,#N/A,#N/A,#N/A,#N/A,#N/A,#N/A,#N/A,#N/A,#N/A,#N/A,#N/A,Healthcare,9.05588171E8,#N/A,SS North is the leader in Healthcare in Bavaria,#N/A,#N/A,#N/A,false,false,#N/A,false,false,#N/A,#N/A,#N/A,#N/A,#N/A,#N/A
49919ef8-6c4b-4343-8a50-86969b0cce4b,Thoughtsphere,Prospect,#N/A,0526 Hauk Plaza,Lafayette,IN,47905,United States,#N/A,#N/A,#N/A,#N/A,#N/A,#N/A,#N/A,#N/A,#N/A,#N/A,#N/A,#N/A,#N/A,#N/A,Energy,9351157.0,#N/A,#N/A,#N/A,#N/A,#N/A,false,false,#N/A,false,false,#N/A,#N/A,#N/A,#N/A,#N/A,#N/A
82349597-86d3-4055-b4de-1f2c1354cafa,Zoonoodle,Prospect,#N/A,1 Nationwide Plz,Columbus,OH,43215-2226,United States,#N/A,#N/A,#N/A,P.O. BOX 182171,Columbus,OH,43218-2171,US,#N/A,#N/A,#N/A,1.614.249.7111,#N/A,#N/A,Media,1.5240896511E10,#N/A,Polimarc Inc. is the leader in Media in Columbus,#N/A,#N/A,#N/A,false,false,#N/A,false,false,#N/A,#N/A,#N/A,#N/A,#N/A,#N/A
e8df4641-ced5-4f71-96f5-7c5dcb8fe0b1,Linklinks,Prospect,#N/A,336 Erie Plaza,Pueblo,CO,81005,United States,#N/A,#N/A,#N/A,#N/A,#N/A,#N/A,#N/A,#N/A,#N/A,#N/A,#N/A,#N/A,#N/A,#N/A,Utilities,2.4520919E7,#N/A,#N/A,#N/A,#N/A,#N/A,false,false,#N/A,false,false,#N/A,#N/A,#N/A,#N/A,#N/A,#N/A
32a4a133-82f6-43f4-9421-59474b4e1357,Pixonyx,Prospect,#N/A,1 State Farm Plz,Bloomington,IL,61710-0001,United States,#N/A,#N/A,#N/A,#N/A,#N/A,#N/A,#N/A,#N/A,#N/A,#N/A,#N/A,1.309.766.2311,#N/A,#N/A,Energy,5.0687142E10,#N/A,Delphi Energy is the leader in Energy in Bloomington,#N/A,#N/A,#N/A,false,false,#N/A,false,false,#N/A,#N/A,#N/A,#N/A,#N/A,#N/A
4b9e1789-4962-4ed4-a016-d026f66566e1,Bluejam,Customer,#N/A,348 St Kilda Road,Melbourne,VIC,3004,Australia,#N/A,#N/A,#N/A,348 St Kilda Road,Melbourne,VIC,3004,Australia,#N/A,#N/A,#N/A,(03) 7876 8876,#N/A,#N/A,Food & Beverage,5.73645303E8,#N/A,Globex Corporation is the leader in Food & Beverage in Melbourne,#N/A,#N/A,#N/A,false,false,#N/A,false,false,#N/A,#N/A,#N/A,#N/A,#N/A,#N/A
2b85c1ed-daa3-4b9d-ae1a-ee362a00451c,Sample Account for Entitlements,#N/A,#N/A,#N/A,#N/A,#N/A,#N/A,#N/A,#N/A,#N/A,#N/A,#N/A,#N/A,#N/A,#N/A,#N/A,#N/A,#N/A,#N/A,#N/A,#N/A,#N/A,#N/A,#N/A,#N/A,#N/A,#N/A,#N/A,#N/A,false,false,#N/A,false,false,#N/A,#N/A,#N/A,#N/A,#N/A,#N/A
ee38f8db-7f57-40e6-b9f4-9dc26bcdf63b,Zoombox,Customer,#N/A,200 George Street,Sydney,NSW,2000,Australia,#N/A,#N/A,#N/A,200 George Street,Sydney,NSW,2000,Australia,#N/A,#N/A,#N/A,(02) 8858 6163,#N/A,#N/A,Machinery,4.77757321E8,#N/A,Corellian Engineering Corporation is the leader in Machinery in Sydney,#N/A,#N/A,#N/A,false,false,#N/A,false,false,#N/A,#N/A,#N/A,#N/A,#N/A,#N/A
5aa47b5f-63aa-42d5-bde2-dfd9bcf3f36e,Omba,Customer,#N/A,5/19-21 Shields St,Redcliffe,QLD,4020,Australia,#N/A,#N/A,#N/A,5/19-21 Shields St,Redcliffe,QLD,4020,Australia,#N/A,#N/A,#N/A,(07) 7859 6584,#N/A,#N/A,Healthcare,2.38658603E8,#N/A,Matt Stecklein Hospital is the leader in Healthcare in Redcliffe,#N/A,#N/A,#N/A,false,false,#N/A,false,false,#N/A,#N/A,#N/A,#N/A,#N/A,#N/A
